size,count,normal
3,25,the united states
3,12,moms for liberty
3,10,the republican party
3,8,the civil war
3,6,as well as
3,5,of the united
3,5,united states of
3,5,to use the
3,5,in the united
3,5,the department of
3,5,the idea that
3,5,the white house
3,5,a number of
3,5,people of color
3,5,the federal government
3,5,one of the
3,5,the black sea
3,5,to the us
3,5,the far right
3,5,pacific islands forum
3,4,the anniversary of
3,4,in the country's
3,4,the idea of
3,4,to overturn the
3,4,the 2020 election
3,4,use the military
3,4,talking points memo
3,4,department of justice
3,4,the house of
3,4,house of representatives
3,4,the former president
3,4,the government to
3,4,in the past
3,4,to believe that
3,4,in the house
3,4,in order to
3,4,to destroy the
3,4,made up of
3,4,to the constitution
3,4,the right wing
3,4,in the us
3,4,the debt ceiling
3,4,the fourteenth amendment
3,4,the cause of
3,4,cause of the
3,4,that the government
3,4,leaders of the
3,4,the pacific islands
3,3,of world war
3,3,of the war
3,3,known as the
3,3,because of the
3,3,the american people
3,3,of the world
3,3,the results of
3,3,results of the
3,3,rules based international
3,3,based international order
3,3,an attack on
3,3,in the years
3,3,former president trump
3,3,part of the
3,3,appears to be
3,3,the military to
3,3,the same time
3,3,noted that the
3,3,the washington post
3,3,ku klux klan
3,3,showing that the
3,3,that the us
3,3,the union armies
3,3,the army of
3,3,army of the
3,3,of the potomac
3,3,the us navy
3,3,that they were
3,3,it was the
3,3,to win the
3,3,a majority of
3,3,a group of
3,3,social safety net
3,3,after the civil
3,3,the republican base
3,3,who want to
3,3,the party has
3,3,pm ∙ jan
3,3,and the us
3,3,right of conscience
3,3,the free exercise
3,3,that they are
3,3,prime minister viktor
3,3,minister viktor orban
3,3,two thirds of
3,3,the rise of
3,3,franklin delano roosevelt
3,3,over the next
3,3,born in the
3,3,trump's attack on
3,3,the rights of
3,3,the concept of
3,3,declared war on
3,3,states of america
3,3,people like doris
3,3,like doris miller
3,3,of the civil
3,3,of the republican
3,3,the government must
3,3,those at the
3,3,the leaders of
3,3,debt ceiling crisis
3,2,the end of
3,2,once and for
3,2,and for all
3,2,of the eleventh
3,2,the great war
3,2,40 million people
3,2,anniversary of the
3,2,of those who
3,2,from which it
3,2,under the leadership
3,2,the leadership of
3,2,to permit the
3,2,for countries to
3,2,on november 10
3,2,november 10 1923
3,2,that it was
3,2,part in the
3,2,a return to
3,2,war even more
3,2,world war ii
3,2,a rules based
3,2,the united nations
3,2,the north atlantic
3,2,north atlantic treaty
3,2,atlantic treaty organization
3,2,treaty organization nato
3,2,the years since
3,2,the us and
3,2,and other countries
3,2,that is currently
3,2,the right to
3,2,world war i
3,2,commander of the
3,2,to disenfranchise voters
3,2,and attempting to
3,2,to obstruct an
3,2,obstruct an official
3,2,an official proceeding
3,2,overturn the results
3,2,of the 2020
3,2,called out the
3,2,co conspirator 4
3,2,the insurrection act
3,2,strong enough that
3,2,a washington post
3,2,washington post op
3,2,post op ed
3,2,president and his
3,2,on january 6
3,2,attack on the
3,2,called for a
3,2,co conspirator 6
3,2,trump's first amendment
3,2,first amendment rights
3,2,the first amendment
3,2,had a right
3,2,idea that the
3,2,is an attack
3,2,he can even
3,2,election was stolen
3,2,the attempt to
3,2,the new york
3,2,tax cuts and
3,2,treasury secretary janet
3,2,the fact that
3,2,to downgrade the
3,2,for the wealthy
3,2,the wealthy and
3,2,minority leader hakeem
3,2,leader hakeem jeffries
3,2,he wrote but
3,2,kevin mccarthy r-ca
3,2,the rules of
3,2,of the house
3,2,the house in
3,2,his willingness to
3,2,to break with
3,2,for the country
3,2,on the record
3,2,in exchange for
3,2,in 2020 and
3,2,of the state
3,2,is not a
3,2,the bureau of
3,2,bureau of labor
3,2,of labor statistics
3,2,the us economy
3,2,us economy added
3,2,over the past
3,2,more than the
3,2,concentrating wealth upward
3,2,and appears to
3,2,the transition to
3,2,transition to evs
3,2,said it would
3,2,it would be
3,2,it is also
3,2,is also the
3,2,battle of mobile
3,2,of mobile bay
3,2,the battle of
3,2,all the union
3,2,win the war
3,2,set out to
3,2,to move against
3,2,move against mobile
3,2,farragut ordered the
3,2,to pass the
3,2,as the ships
3,2,take over the
3,2,damn the torpedoes
3,2,appears to have
3,2,but it seems
3,2,new laws that
3,2,come together to
3,2,majority of the
3,2,as a group
3,2,20 far right
3,2,far right republicans
3,2,former speaker nancy
3,2,speaker nancy pelosi
3,2,him a kiss
3,2,can't  even
3,2,weren't  in
3,2, in the
3,2,in the majority
3,2,the majority on
3,2,because that was
3,2,that was the
3,2,was the day
3,2,the day you
3,2,day you had
3,2,you had to
3,2,had to be
3,2,to be organized
3,2,be organized to
3,2,organized to stave
3,2,to stave off
3,2,stave off what
3,2,off what was
3,2,what was happening
3,2,the election of
3,2,of talking points
3,2,ran the house
3,2,the new deal
3,2,the destruction of
3,2,a basic social
3,2,basic social safety
3,2,the logical outcome
3,2,logical outcome of
3,2,the big lie
3,2,electors from a
3,2,from a number
3,2,number of states
3,2,in 2021 to
3,2,the effort to
3,2,their support for
3,2,support for the
3,2,cost tax dollars
3,2,a form of
3,2,form of socialism
3,2,or people of
3,2,many of his
3,2,out the middle
3,2,the middle class
3,2,it is the
3,2,republicans who want
3,2,that it is
3,2,at the same
3,2,away from the
3,2,president joe biden
3,2,for two years
3,2,are not the
3,2,∙ jan 3
3,2,jan 3 2023
3,2,that in the
3,2,the next day
3,2,russian president vladimir
3,2,to attend the
3,2,would dominate the
3,2,the global economy
3,2,at the time
3,2,in the war
3,2,attend the summit
3,2,putin announced that
3,2,tons of grain
3,2,ukraine president volodymyr
3,2,president volodymyr zelensky
3,2,that he was
3,2,black sea grain
3,2,on the black
3,2,to the world
3,2,so long as
3,2,to the united
3,2,and that the
3,2,is trying to
3,2,to indicate that
3,2,the so called
3,2,in part because
3,2,nonpartisan congressional budget
3,2,congressional budget office
3,2,$14.3 billion in
3,2,cuts to the
3,2,more than they
3,2,separation of church
3,2,of church and
3,2,church and state
3,2,had come to
3,2,all men are
3,2,the right of
3,2,in charge of
3,2,that a variety
3,2,a variety of
3,2,envisioned a new
3,2,a new political
3,2,in the multiplicity
3,2,the multiplicity of
3,2,amendment to the
3,2,make no law
3,2,no law respecting
3,2,law respecting an
3,2,respecting an establishment
3,2,an establishment of
3,2,establishment of religion
3,2,of religion or
3,2,religion or prohibiting
3,2,or prohibiting the
3,2,prohibiting the free
3,2,free exercise thereof
3,2,a wall of
3,2,wall of separation
3,2,of separation between
3,2,separation between church
3,2,between church &
3,2,church & state
3,2,in times of
3,2,more than a
3,2,for liberty group
3,2,in philadelphia last
3,2,philadelphia last week
3,2,the story that
3,2,of job growth
3,2,the first to
3,2,focused on the
3,2,on the idea
3,2,infrastructure projects and
3,2,us business leaders
3,2,the biden administration's
3,2,biden administration's focus
3,2,administration's focus on
3,2,trade with china
3,2,clear that the
3,2,of the world's
3,2,both at home
3,2,at home and
3,2,home and abroad
3,2,revenge on those
3,2,leader of the
3,2,of the us
3,2,illiberal democracy or
3,2,democracy or christian
3,2,or christian democracy
3,2,before the law
3,2,has focused on
3,2,with the argument
3,2,the argument that
3,2,the moms for
3,2,for liberty have
3,2,for the republican
3,2,majority of americans
3,2,thirds of the
3,2,to rebuild the
3,2,florida governor ron
3,2,governor ron desantis
3,2,at the heart
3,2,the heart of
3,2,of illiberal democracy
3,2,on day one
3,2,end birthright citizenship
3,2,based on a
3,2,a historical myth
3,2,of the law
3,2,to make clear
3,2,attack on birthright
3,2,on birthright citizenship
3,2,hungary's prime minister
3,2,viktor orban who
3,2,a nation by
3,2,of birthright citizenship
3,2,of our history
3,2,idea that there
3,2,in the 1850s
3,2,the 1850s to
3,2,of human enslavement
3,2,united states and
3,2,citizens of the
3,2,the rights and
3,2,equal to white
3,2,children of immigrants
3,2,wong kim ark
3,2,the us in
3,2,the question of
3,2,ever since as
3,2,means we all
3,2,"west virginia ,"
3,2,was assigned to
3,2,the bottom of
3,2,war on america
3,2,italy and germany
3,2,the steel pact
3,2,came to believe
3,2,the ideology of
3,2,ideology of the
3,2,men and women
3,2,and more than
3,2,democrat franklin delano
3,2,the rest of
3,2,to stand up
3,2,us people like
3,2,how government was
3,2,government was going
3,2,was going to
3,2,going to run
3,2,to run the
3,2,run the freedoms
3,2,the freedoms and
3,2,freedoms and what
3,2,and what people
3,2,what people could
3,2,people could and
3,2,could and couldn't
3,2,and couldn't 
3,2,couldn't  do
3,2,the role of
3,2,of the people
3,2,of the confederacy
3,2,the slave power
3,2,states in the
3,2,men just starting
3,2,just starting out
3,2,for those at
3,2,at the bottom
3,2,a strong government
3,2,used the government
3,2,right wing movement
3,2,minorities and lgbtq
3,2,and lgbtq people
3,2,support for ukraine
3,2,of the g7
3,2,the g7 also
3,2,an island nation
3,2,is currently chairing
3,2,currently chairing the
3,2,pacific that is
3,2,low and middle
3,2,and middle income
3,2,middle income countries
3,2,supposed to go
3,2,for a meeting
3,2,had to cancel
3,2,in the colorado
3,2,the colorado river
3,1,in 1918 at
3,1,1918 at the
3,1,at the end
3,1,end of four
3,1,of four years
3,1,four years of
3,1,years of world
3,1,world war i's
3,1,war i's devastation
3,1,i's devastation leaders
3,1,devastation leaders negotiated
3,1,leaders negotiated for
3,1,negotiated for the
3,1,for the guns
3,1,the guns in
3,1,guns in europe
3,1,in europe to
3,1,europe to fall
3,1,to fall silent
3,1,fall silent once
3,1,silent once and
3,1,for all on
3,1,all on the
3,1,on the eleventh
3,1,the eleventh hour
3,1,eleventh hour of
3,1,hour of the
3,1,the eleventh day
3,1,eleventh day of
3,1,day of the
3,1,the eleventh month
3,1,it was not
3,1,was not technically
3,1,not technically the
3,1,technically the end
3,1,end of the
3,1,the war which
3,1,war which came
3,1,which came with
3,1,came with the
3,1,with the treaty
3,1,the treaty of
3,1,treaty of versailles
3,1,leaders signed that
3,1,signed that treaty
3,1,that treaty on
3,1,treaty on june
3,1,on june 28
3,1,june 28 1919
3,1,28 1919 five
3,1,1919 five years
3,1,five years to
3,1,years to the
3,1,to the day
3,1,the day after
3,1,day after the
3,1,after the assassination
3,1,the assassination of
3,1,assassination of austrian
3,1,of austrian archduke
3,1,austrian archduke franz
3,1,archduke franz ferdinand
3,1,franz ferdinand set
3,1,ferdinand set off
3,1,set off the
3,1,off the conflict
3,1,but the armistice
3,1,the armistice declared
3,1,armistice declared on
3,1,declared on november
3,1,on november 11
3,1,november 11 held
3,1,11 held and
3,1,held and armistice
3,1,and armistice day
3,1,armistice day became
3,1,day became popularly
3,1,became popularly known
3,1,popularly known as
3,1,as the day
3,1,the day the
3,1,day the great
3,1,great war which
3,1,war which killed
3,1,which killed at
3,1,killed at least
3,1,at least 40
3,1,least 40 million
3,1,million people ended
3,1,in november 1919
3,1,november 1919 president
3,1,1919 president woodrow
3,1,president woodrow wilson
3,1,woodrow wilson commemorated
3,1,wilson commemorated armistice
3,1,commemorated armistice day
3,1,armistice day saying
3,1,day saying that
3,1,saying that americans
3,1,that americans would
3,1,americans would reflect
3,1,would reflect on
3,1,reflect on the
3,1,on the anniversary
3,1,of the armistice
3,1,the armistice with
3,1,armistice with solemn
3,1,with solemn pride
3,1,solemn pride in
3,1,pride in the
3,1,in the heroism
3,1,the heroism of
3,1,heroism of those
3,1,those who died
3,1,who died in
3,1,died in the
3,1,the country's service
3,1,country's service and
3,1,service and with
3,1,and with gratitude
3,1,with gratitude for
3,1,gratitude for the
3,1,for the victory
3,1,the victory both
3,1,victory both because
3,1,both because of
3,1,of the thing
3,1,the thing from
3,1,thing from which
3,1,which it has
3,1,it has freed
3,1,has freed us
3,1,freed us and
3,1,us and because
3,1,and because of
3,1,of the opportunity
3,1,the opportunity it
3,1,opportunity it has
3,1,it has given
3,1,has given america
3,1,given america to
3,1,america to show
3,1,to show her
3,1,show her sympathy
3,1,her sympathy with
3,1,sympathy with peace
3,1,with peace and
3,1,peace and justice
3,1,and justice in
3,1,justice in the
3,1,in the councils
3,1,the councils of
3,1,councils of the
3,1,of the nations
3,1,the nations but
3,1,nations but wilson
3,1,but wilson was
3,1,wilson was disappointed
3,1,was disappointed that
3,1,disappointed that the
3,1,that the soldiers
3,1,the soldiers sacrifices
3,1,soldiers sacrifices had
3,1,sacrifices had not
3,1,had not changed
3,1,not changed the
3,1,changed the nation's
3,1,the nation's approach
3,1,nation's approach to
3,1,approach to international
3,1,to international affairs
3,1,the senate under
3,1,senate under the
3,1,leadership of republican
3,1,of republican henry
3,1,republican henry cabot
3,1,henry cabot lodge
3,1,cabot lodge of
3,1,lodge of massachusetts
3,1,of massachusetts who
3,1,massachusetts who had
3,1,who had been
3,1,had been determined
3,1,been determined to
3,1,determined to weaken
3,1,to weaken wilson
3,1,weaken wilson as
3,1,wilson as soon
3,1,as soon as
3,1,soon as the
3,1,as the imperatives
3,1,the imperatives of
3,1,imperatives of the
3,1,the war had
3,1,war had fallen
3,1,had fallen away
3,1,fallen away refused
3,1,away refused to
3,1,refused to permit
3,1,permit the united
3,1,united states to
3,1,states to join
3,1,to join the
3,1,join the league
3,1,the league of
3,1,league of nations
3,1,of nations wilson's
3,1,nations wilson's brainchild
3,1,wilson's brainchild a
3,1,brainchild a forum
3,1,a forum for
3,1,forum for countries
3,1,countries to work
3,1,to work out
3,1,work out their
3,1,out their differences
3,1,their differences with
3,1,differences with diplomacy
3,1,with diplomacy rather
3,1,diplomacy rather than
3,1,rather than resorting
3,1,than resorting to
3,1,resorting to bloodshed
3,1,10 1923 just
3,1,1923 just four
3,1,just four years
3,1,four years after
3,1,years after he
3,1,after he had
3,1,he had established
3,1,had established armistice
3,1,established armistice day
3,1,armistice day former
3,1,day former president
3,1,former president wilson
3,1,president wilson spoke
3,1,wilson spoke to
3,1,spoke to the
3,1,to the american
3,1,american people over
3,1,people over the
3,1,over the new
3,1,the new medium
3,1,new medium of
3,1,medium of radio
3,1,of radio giving
3,1,radio giving the
3,1,giving the nation's
3,1,the nation's first
3,1,nation's first live
3,1,first live nationwide
3,1,live nationwide broadcast
3,1,anniversary of armistice
3,1,of armistice day
3,1,armistice day should
3,1,day should stir
3,1,should stir us
3,1,stir us to
3,1,us to a
3,1,to a great
3,1,a great exaltation
3,1,great exaltation of
3,1,exaltation of spirit
3,1,of spirit he
3,1,spirit he said
3,1,he said as
3,1,said as americans
3,1,as americans remembered
3,1,americans remembered that
3,1,remembered that it
3,1,it was their
3,1,was their example
3,1,their example that
3,1,example that had
3,1,that had by
3,1,had by those
3,1,by those early
3,1,those early days
3,1,early days of
3,1,days of that
3,1,of that never
3,1,that never to
3,1,never to be
3,1,to be forgotten
3,1,be forgotten november
3,1,forgotten november lifted
3,1,november lifted the
3,1,lifted the nations
3,1,the nations of
3,1,nations of the
3,1,the world to
3,1,world to the
3,1,to the lofty
3,1,the lofty levels
3,1,lofty levels of
3,1,levels of vision
3,1,of vision and
3,1,vision and achievement
3,1,and achievement upon
3,1,achievement upon which
3,1,upon which the
3,1,which the great
3,1,great war for
3,1,war for democracy
3,1,for democracy and
3,1,democracy and right
3,1,and right was
3,1,right was fought
3,1,was fought and
3,1,fought and won
3,1,and won but
3,1,won but he
3,1,but he lamented
3,1,he lamented the
3,1,lamented the shameful
3,1,the shameful fact
3,1,shameful fact that
3,1,fact that when
3,1,that when victory
3,1,when victory was
3,1,"victory was won,...chiefly"
3,1,"was won,...chiefly by"
3,1,"won,...chiefly by the"
3,1,by the indomitable
3,1,the indomitable spirit
3,1,indomitable spirit and
3,1,spirit and ungrudging
3,1,and ungrudging sacrifices
3,1,ungrudging sacrifices of
3,1,sacrifices of our
3,1,of our own
3,1,our own incomparable
3,1,own incomparable soldiers
3,1,incomparable soldiers we
3,1,soldiers we turned
3,1,we turned our
3,1,turned our backs
3,1,our backs upon
3,1,backs upon our
3,1,upon our associates
3,1,our associates and
3,1,associates and refused
3,1,and refused to
3,1,refused to bear
3,1,to bear any
3,1,bear any responsible
3,1,any responsible part
3,1,responsible part in
3,1,in the administration
3,1,the administration of
3,1,administration of peace
3,1,of peace or
3,1,peace or the
3,1,or the firm
3,1,the firm and
3,1,firm and permanent
3,1,and permanent establishment
3,1,permanent establishment of
3,1,establishment of the
3,1,of the results
3,1,the war won
3,1,war won at
3,1,won at so
3,1,at so terrible
3,1,so terrible a
3,1,terrible a cost
3,1,a cost of
3,1,cost of life
3,1,of life and
3,1,life and treasure
3,1,and treasure and
3,1,treasure and withdrew
3,1,and withdrew into
3,1,withdrew into a
3,1,into a sullen
3,1,a sullen and
3,1,sullen and selfish
3,1,and selfish isolation
3,1,selfish isolation which
3,1,isolation which is
3,1,which is deeply
3,1,is deeply ignoble
3,1,deeply ignoble because
3,1,ignoble because manifestly
3,1,because manifestly cowardly
3,1,manifestly cowardly and
3,1,cowardly and dishonorable
3,1,and dishonorable wilson
3,1,dishonorable wilson said
3,1,wilson said that
3,1,said that a
3,1,that a return
3,1,return to engagement
3,1,to engagement with
3,1,engagement with international
3,1,with international affairs
3,1,international affairs was
3,1,affairs was inevitable
3,1,was inevitable the
3,1,inevitable the us
3,1,the us eventually
3,1,us eventually would
3,1,eventually would have
3,1,would have to
3,1,have to take
3,1,to take up
3,1,take up its
3,1,up its true
3,1,its true part
3,1,true part in
3,1,in the affairs
3,1,the affairs of
3,1,affairs of the
3,1,the world congress
3,1,world congress didn't
3,1,congress didn't 
3,1,didn't  want
3,1, want to
3,1,want to hear
3,1,to hear it
3,1,in 1926 it
3,1,1926 it passed
3,1,it passed a
3,1,passed a resolution
3,1,a resolution noting
3,1,resolution noting that
3,1,noting that since
3,1,that since november
3,1,since november 11
3,1,november 11 1918
3,1,11 1918 marked
3,1,1918 marked the
3,1,marked the cessation
3,1,the cessation of
3,1,cessation of the
3,1,of the most
3,1,the most destructive
3,1,most destructive sanguinary
3,1,destructive sanguinary and
3,1,sanguinary and far
3,1,and far reaching
3,1,far reaching war
3,1,reaching war in
3,1,war in human
3,1,in human annals
3,1,human annals and
3,1,annals and the
3,1,and the resumption
3,1,the resumption by
3,1,resumption by the
3,1,by the people
3,1,the people of
3,1,people of the
3,1,states of peaceful
3,1,of peaceful relations
3,1,peaceful relations with
3,1,relations with other
3,1,with other nations
3,1,other nations which
3,1,nations which we
3,1,which we hope
3,1,we hope may
3,1,hope may never
3,1,may never again
3,1,never again be
3,1,again be severed
3,1,be severed the
3,1,severed the anniversary
3,1,anniversary of that
3,1,of that date
3,1,that date should
3,1,date should be
3,1,should be commemorated
3,1,be commemorated with
3,1,commemorated with thanksgiving
3,1,with thanksgiving and
3,1,thanksgiving and prayer
3,1,and prayer and
3,1,prayer and exercises
3,1,and exercises designed
3,1,exercises designed to
3,1,designed to perpetuate
3,1,to perpetuate peace
3,1,perpetuate peace through
3,1,peace through good
3,1,through good will
3,1,good will and
3,1,will and mutual
3,1,and mutual understanding
3,1,mutual understanding between
3,1,understanding between nations
3,1,between nations in
3,1,nations in 1938
3,1,in 1938 congress
3,1,1938 congress made
3,1,congress made november
3,1,made november 11
3,1,november 11 a
3,1,11 a legal
3,1,a legal holiday
3,1,legal holiday to
3,1,holiday to be
3,1,to be dedicated
3,1,be dedicated to
3,1,dedicated to world
3,1,to world peace
3,1,but neither the
3,1,neither the war
3,1,the war to
3,1,war to end
3,1,to end all
3,1,end all wars
3,1,all wars nor
3,1,wars nor the
3,1,nor the commemorations
3,1,the commemorations of
3,1,commemorations of it
3,1,of it ended
3,1,it ended war
3,1,just three years
3,1,three years after
3,1,years after congress
3,1,after congress made
3,1,congress made armistice
3,1,made armistice day
3,1,armistice day a
3,1,day a holiday
3,1,a holiday for
3,1,holiday for peace
3,1,for peace american
3,1,peace american armed
3,1,american armed forces
3,1,armed forces were
3,1,forces were fighting
3,1,were fighting a
3,1,fighting a second
3,1,a second world
3,1,second world war
3,1,world war even
3,1,even more devastating
3,1,more devastating than
3,1,devastating than the
3,1,than the first
3,1,the carnage of
3,1,carnage of world
3,1,war ii gave
3,1,ii gave power
3,1,gave power to
3,1,power to the
3,1,to the idea
3,1,idea of trying
3,1,of trying to
3,1,trying to stop
3,1,to stop wars
3,1,stop wars by
3,1,wars by establishing
3,1,by establishing a
3,1,establishing a rules
3,1,rather than trying
3,1,than trying to
3,1,trying to push
3,1,to push their
3,1,push their own
3,1,their own boundaries
3,1,own boundaries and
3,1,boundaries and interests
3,1,and interests whenever
3,1,interests whenever they
3,1,whenever they could
3,1,they could gain
3,1,could gain advantage
3,1,gain advantage countries
3,1,advantage countries agreed
3,1,countries agreed to
3,1,agreed to abide
3,1,to abide by
3,1,abide by a
3,1,by a series
3,1,a series of
3,1,series of rules
3,1,of rules that
3,1,rules that promoted
3,1,that promoted peace
3,1,promoted peace economic
3,1,peace economic cooperation
3,1,economic cooperation and
3,1,cooperation and security
3,1,the new international
3,1,new international system
3,1,international system provided
3,1,system provided forums
3,1,provided forums for
3,1,forums for countries
3,1,countries to discuss
3,1,to discuss their
3,1,discuss their differences-like
3,1,their differences-like the
3,1,differences-like the united
3,1,united nations founded
3,1,nations founded in
3,1,founded in 1945
3,1,in 1945 and
3,1,1945 and mechanisms
3,1,and mechanisms for
3,1,mechanisms for them
3,1,for them to
3,1,them to protect
3,1,to protect each
3,1,protect each other
3,1,each other like
3,1,other like the
3,1,like the north
3,1,organization nato established
3,1,nato established in
3,1,established in 1949
3,1,in 1949 which
3,1,1949 which has
3,1,which has a
3,1,has a mutual
3,1,a mutual defense
3,1,mutual defense pact
3,1,defense pact that
3,1,pact that says
3,1,that says any
3,1,says any attack
3,1,any attack on
3,1,attack on a
3,1,on a nato
3,1,a nato country
3,1,nato country will
3,1,country will be
3,1,will be considered
3,1,be considered an
3,1,considered an attack
3,1,attack on all
3,1,on all of
3,1,all of them
3,1,years since those
3,1,since those agreements
3,1,those agreements multiplied
3,1,agreements multiplied and
3,1,multiplied and were
3,1,and were deepened
3,1,were deepened and
3,1,deepened and broadened
3,1,and broadened to
3,1,broadened to include
3,1,to include more
3,1,include more countries
3,1,more countries and
3,1,countries and more
3,1,and more ties
3,1,while the us
3,1,us and other
3,1,other countries sometimes
3,1,countries sometimes fail
3,1,sometimes fail to
3,1,fail to honor
3,1,to honor them
3,1,honor them their
3,1,them their central
3,1,their central theory
3,1,central theory remains
3,1,theory remains important
3,1,remains important no
3,1,important no country
3,1,no country should
3,1,country should be
3,1,should be able
3,1,be able to
3,1,able to attack
3,1,to attack a
3,1,attack a neighbor
3,1,a neighbor slaughter
3,1,neighbor slaughter its
3,1,slaughter its people
3,1,its people and
3,1,people and steal
3,1,and steal its
3,1,steal its lands
3,1,its lands at
3,1,lands at will
3,1,this concept preserved
3,1,concept preserved decades
3,1,preserved decades of
3,1,decades of relative
3,1,of relative peace
3,1,relative peace compared
3,1,peace compared to
3,1,compared to the
3,1,to the horrors
3,1,the horrors of
3,1,horrors of the
3,1,of the early
3,1,the early twentieth
3,1,early twentieth century
3,1,twentieth century but
3,1,century but it
3,1,but it is
3,1,it is a
3,1,is a concept
3,1,a concept that
3,1,concept that is
3,1,is currently under
3,1,currently under attack
3,1,under attack as
3,1,attack as autocrats
3,1,as autocrats increasingly
3,1,autocrats increasingly reject
3,1,increasingly reject the
3,1,reject the idea
3,1,idea of a
3,1,of a rules
3,1,international order and
3,1,order and claim
3,1,and claim the
3,1,claim the right
3,1,right to act
3,1,to act however
3,1,act however they
3,1,however they wish
3,1,in 1954 to
3,1,1954 to honor
3,1,to honor the
3,1,honor the armed
3,1,the armed forces
3,1,armed forces of
3,1,forces of wars
3,1,of wars after
3,1,wars after world
3,1,after world war
3,1,war i congress
3,1,i congress amended
3,1,congress amended the
3,1,amended the law
3,1,the law creating
3,1,law creating armistice
3,1,creating armistice day
3,1,armistice day by
3,1,day by striking
3,1,by striking out
3,1,striking out the
3,1,out the word
3,1,the word armistice
3,1,word armistice and
3,1,armistice and putting
3,1,and putting veterans
3,1,putting veterans in
3,1,veterans in its
3,1,in its place
3,1,president dwight d
3,1,dwight d eisenhower
3,1,d eisenhower himself
3,1,eisenhower himself a
3,1,himself a veteran
3,1,a veteran who
3,1,veteran who had
3,1,who had served
3,1,had served as
3,1,served as the
3,1,as the supreme
3,1,the supreme commander
3,1,supreme commander of
3,1,of the allied
3,1,the allied expeditionary
3,1,allied expeditionary force
3,1,expeditionary force in
3,1,force in europe
3,1,in europe and
3,1,europe and who
3,1,and who had
3,1,who had become
3,1,had become a
3,1,become a five
3,1,a five star
3,1,five star general
3,1,star general of
3,1,general of the
3,1,of the army
3,1,the army before
3,1,army before his
3,1,before his political
3,1,his political career
3,1,political career later
3,1,career later issued
3,1,later issued a
3,1,issued a proclamation
3,1,a proclamation asking
3,1,proclamation asking americans
3,1,asking americans to
3,1,americans to observe
3,1,to observe veterans
3,1,observe veterans day
3,1,veterans day l]et
3,1,day l]et us
3,1,l]et us solemnly
3,1,us solemnly remember
3,1,solemnly remember the
3,1,remember the sacrifices
3,1,the sacrifices of
3,1,sacrifices of all
3,1,of all those
3,1,all those who
3,1,those who fought
3,1,who fought so
3,1,fought so valiantly
3,1,so valiantly on
3,1,valiantly on the
3,1,on the seas
3,1,the seas in
3,1,seas in the
3,1,in the air
3,1,the air and
3,1,air and on
3,1,and on foreign
3,1,on foreign shores
3,1,foreign shores to
3,1,shores to preserve
3,1,to preserve our
3,1,preserve our heritage
3,1,our heritage of
3,1,heritage of freedom
3,1,of freedom and
3,1,freedom and let
3,1,and let us
3,1,let us reconsecrate
3,1,us reconsecrate ourselves
3,1,reconsecrate ourselves to
3,1,ourselves to the
3,1,to the task
3,1,the task of
3,1,task of promoting
3,1,of promoting an
3,1,promoting an enduring
3,1,an enduring peace
3,1,enduring peace so
3,1,peace so that
3,1,so that their
3,1,that their efforts
3,1,their efforts shall
3,1,efforts shall not
3,1,shall not have
3,1,not have been
3,1,have been in
3,1,been in vain
3,1,in vain notes
3,1,vain notes ​​
3,1,notes ​​ https://www.va.gov/opa/vetsday/docs/proclamation_1954.pdf
3,1,​​ https://www.va.gov/opa/vetsday/docs/proclamation_1954.pdf https://www.loc.gov/item/today-in-history/november-11
3,1,https://www.va.gov/opa/vetsday/docs/proclamation_1954.pdf https://www.loc.gov/item/today-in-history/november-11 https://www.va.gov/opa/vetsday/vetdayhistory.asp
3,1,https://www.loc.gov/item/today-in-history/november-11 https://www.va.gov/opa/vetsday/vetdayhistory.asp https://www.cnn.com/interactive/2015/10/politics/woodrow-wilson-house-history
3,1,https://www.va.gov/opa/vetsday/vetdayhistory.asp https://www.cnn.com/interactive/2015/10/politics/woodrow-wilson-house-history wilson's
3,1,https://www.cnn.com/interactive/2015/10/politics/woodrow-wilson-house-history wilson's 1923
3,1,wilson's 1923 radio
3,1,1923 radio address
3,1,radio address on
3,1,address on november
3,1,10 1923 which
3,1,1923 which has
3,1,which has slightly
3,1,has slightly different
3,1,slightly different wording
3,1,different wording than
3,1,wording than his
3,1,than his written
3,1,his written notes
3,1,written notes is
3,1,notes is available
3,1,is available on
3,1,available on youtube
3,1,on youtube i'm
3,1,youtube i'm 
3,1,i'm  worried
3,1, worried that
3,1,worried that linking
3,1,that linking it
3,1,linking it here
3,1,it here will
3,1,here will get
3,1,will get this
3,1,get this letter
3,1,this letter caught
3,1,letter caught in
3,1,caught in spam
3,1,in spam filters
3,1,spam filters so
3,1,filters so am
3,1,so am not
3,1,am not linking
3,1,not linking it
3,1,https://www.loc.gov/resource/mss46029.mss46029-478_0018_1212/?sp=1164&st=image share there
3,1,share there have
3,1,there have been
3,1,have been more
3,1,been more developments
3,1,more developments today
3,1,developments today surrounding
3,1,today surrounding yesterday's
3,1,surrounding yesterday's indictment
3,1,yesterday's indictment of
3,1,indictment of former
3,1,of former president
3,1,president trump for
3,1,trump for conspiring
3,1,for conspiring to
3,1,conspiring to defraud
3,1,to defraud the
3,1,defraud the united
3,1,united states conspiring
3,1,states conspiring to
3,1,conspiring to disenfranchise
3,1,disenfranchise voters and
3,1,voters and conspiring
3,1,and conspiring and
3,1,conspiring and attempting
3,1,attempting to obstruct
3,1,official proceeding as
3,1,proceeding as he
3,1,as he tried
3,1,he tried to
3,1,tried to overturn
3,1,2020 election and
3,1,election and install
3,1,and install himself
3,1,install himself in
3,1,himself in office
3,1,in office over
3,1,office over the
3,1,over the wishes
3,1,the wishes of
3,1,wishes of the
3,1,of the american
3,1,observers today called
3,1,today called out
3,1,out the part
3,1,the part of
3,1,of the indictment
3,1,the indictment that
3,1,indictment that describes
3,1,that describes how
3,1,describes how trump
3,1,how trump and
3,1,trump and co
3,1,and co conspirator
3,1,conspirator 4 who
3,1,4 who appears
3,1,who appears to
3,1,to be jeffrey
3,1,be jeffrey clark
3,1,jeffrey clark the
3,1,clark the man
3,1,the man trump
3,1,man trump wanted
3,1,trump wanted to
3,1,wanted to make
3,1,to make attorney
3,1,make attorney general
3,1,attorney general intended
3,1,general intended to
3,1,intended to use
3,1,military to quell
3,1,to quell any
3,1,quell any protests
3,1,any protests against
3,1,protests against trump's
3,1,against trump's 
3,1,trump's  overturning
3,1, overturning of
3,1,overturning of the
3,1,of the election
3,1,the election results
3,1,when warned that
3,1,warned that staying
3,1,that staying in
3,1,staying in power
3,1,in power would
3,1,power would lead
3,1,would lead to
3,1,lead to riots
3,1,to riots in
3,1,riots in every
3,1,in every major
3,1,every major city
3,1,major city in
3,1,city in the
3,1,united states co
3,1,states co conspirator
3,1,conspirator 4 replied
3,1,4 replied well...that's
3,1,replied well...that's 
3,1,well...that's  why
3,1, why there's
3,1,why there's 
3,1,there's  an
3,1, an insurrection
3,1,an insurrection act
3,1,insurrection act the
3,1,act the insurrection
3,1,insurrection act of
3,1,act of 1807
3,1,of 1807 permits
3,1,1807 permits the
3,1,permits the president
3,1,the president to
3,1,president to use
3,1,military to enforce
3,1,to enforce domestic
3,1,enforce domestic laws
3,1,domestic laws invoking
3,1,laws invoking martial
3,1,invoking martial law
3,1,trump's allies urged
3,1,allies urged him
3,1,urged him to
3,1,him to do
3,1,to do just
3,1,do just that
3,1,just that to
3,1,that to stay
3,1,to stay in
3,1,stay in power
3,1,fears that trump
3,1,that trump might
3,1,trump might do
3,1,might do such
3,1,do such a
3,1,such a thing
3,1,a thing were
3,1,thing were strong
3,1,were strong enough
3,1,enough that on
3,1,that on january
3,1,on january 3
3,1,january 3 2021
3,1,3 2021 all
3,1,2021 all 10
3,1,all 10 living
3,1,10 living former
3,1,living former defense
3,1,former defense secretaries
3,1,defense secretaries signed
3,1,secretaries signed a
3,1,signed a washington
3,1,op ed warning
3,1,ed warning that
3,1,warning that e]fforts
3,1,that e]fforts to
3,1,e]fforts to involve
3,1,to involve the
3,1,involve the us
3,1,the us armed
3,1,us armed forces
3,1,armed forces in
3,1,forces in resolving
3,1,in resolving election
3,1,resolving election disputes
3,1,election disputes would
3,1,disputes would take
3,1,would take us
3,1,take us into
3,1,us into dangerous
3,1,into dangerous unlawful
3,1,dangerous unlawful and
3,1,unlawful and unconstitutional
3,1,and unconstitutional territory
3,1,unconstitutional territory they
3,1,territory they put
3,1,they put their
3,1,put their colleagues
3,1,their colleagues on
3,1,colleagues on notice
3,1,on notice civilian
3,1,notice civilian and
3,1,civilian and military
3,1,and military officials
3,1,military officials who
3,1,officials who direct
3,1,who direct or
3,1,direct or carry
3,1,or carry out
3,1,carry out such
3,1,out such measures
3,1,such measures would
3,1,measures would be
3,1,would be accountable
3,1,be accountable including
3,1,accountable including potentially
3,1,including potentially facing
3,1,potentially facing criminal
3,1,facing criminal penalties
3,1,criminal penalties for
3,1,penalties for the
3,1,for the grave
3,1,the grave consequences
3,1,grave consequences of
3,1,consequences of their
3,1,of their actions
3,1,their actions on
3,1,actions on our
3,1,on our republic
3,1,our republic josh
3,1,republic josh marshall
3,1,josh marshall at
3,1,marshall at talking
3,1,at talking points
3,1,points memo recalled
3,1,memo recalled today
3,1,recalled today that
3,1,today that military
3,1,that military leaders
3,1,military leaders told
3,1,leaders told congress
3,1,told congress they
3,1,congress they were
3,1,they were reluctant
3,1,were reluctant to
3,1,reluctant to respond
3,1,to respond to
3,1,respond to the
3,1,to the violence
3,1,the violence at
3,1,violence at the
3,1,at the capitol
3,1,the capitol out
3,1,capitol out of
3,1,out of concern
3,1,of concern about
3,1,concern about how
3,1,about how trump
3,1,how trump might
3,1,trump might use
3,1,might use the
3,1,the military under
3,1,military under the
3,1,under the insurrection
3,1,political pollster tom
3,1,pollster tom bonier
3,1,tom bonier wrote
3,1,bonier wrote i
3,1,wrote i understand
3,1,i understand trump
3,1,understand trump fatigue
3,1,trump fatigue but
3,1,fatigue but it
3,1,but it feels
3,1,it feels like
3,1,feels like the
3,1,like the president
3,1,the president and
3,1,and his advisors
3,1,his advisors preparing
3,1,advisors preparing to
3,1,preparing to use
3,1,military to quash
3,1,to quash protests
3,1,quash protests against
3,1,protests against his
3,1,against his planned
3,1,his planned coup
3,1,planned coup should
3,1,coup should be
3,1,should be bigger
3,1,be bigger news
3,1,bigger news especially
3,1,news especially when
3,1,especially when that
3,1,when that same
3,1,that same guy
3,1,same guy is
3,1,guy is in
3,1,is in the
3,1,in the midst
3,1,the midst of
3,1,midst of a
3,1,of a somewhat
3,1,a somewhat credible
3,1,somewhat credible comeback
3,1,credible comeback effort
3,1,comeback effort on
3,1,effort on the
3,1,on the beat
3,1,the beat tonight
3,1,beat tonight ari
3,1,tonight ari melber
3,1,ari melber connected
3,1,melber connected trump
3,1,connected trump co
3,1,trump co conspirator
3,1,co conspirator john
3,1,conspirator john eastman
3,1,john eastman to
3,1,eastman to senator
3,1,to senator ted
3,1,senator ted cruz
3,1,ted cruz r-tx
3,1,just before midnight
3,1,before midnight on
3,1,midnight on january
3,1,january 6 2021
3,1,6 2021 after
3,1,2021 after the
3,1,after the attack
3,1,the attack on
3,1,on the us
3,1,the us capitol
3,1,us capitol eastman
3,1,capitol eastman wrote
3,1,eastman wrote to
3,1,wrote to pence's
3,1,to pence's lawyer
3,1,pence's lawyer to
3,1,lawyer to beg
3,1,to beg him
3,1,beg him to
3,1,him to get
3,1,to get pence
3,1,get pence to
3,1,pence to adjourn
3,1,to adjourn congress
3,1,adjourn congress for
3,1,congress for 10
3,1,for 10 days
3,1,10 days to
3,1,days to allow
3,1,to allow the
3,1,allow the legislatures
3,1,the legislatures to
3,1,legislatures to finish
3,1,to finish their
3,1,finish their investigations
3,1,their investigations as
3,1,investigations as well
3,1,well as to
3,1,as to allow
3,1,to allow a
3,1,allow a full
3,1,a full forensic
3,1,full forensic audit
3,1,forensic audit of
3,1,audit of the
3,1,of the massive
3,1,the massive amount
3,1,massive amount of
3,1,amount of illegal
3,1,of illegal activity
3,1,illegal activity that
3,1,activity that has
3,1,that has occurred
3,1,has occurred here
3,1,occurred here on
3,1,here on the
3,1,on the floor
3,1,the floor of
3,1,floor of the
3,1,of the senate
3,1,the senate at
3,1,senate at about
3,1,at about the
3,1,about the same
3,1,same time cruz
3,1,time cruz who
3,1,cruz who voted
3,1,who voted against
3,1,voted against certification
3,1,against certification used
3,1,certification used very
3,1,used very similar
3,1,very similar language
3,1,similar language when
3,1,language when he
3,1,when he called
3,1,he called for
3,1,for a ten
3,1,a ten day
3,1,ten day emergency
3,1,day emergency audit
3,1,emergency audit an
3,1,audit an email
3,1,an email sent
3,1,email sent by
3,1,sent by co
3,1,by co conspirator
3,1,conspirator 6 the
3,1,6 the political
3,1,the political consultant
3,1,political consultant matches
3,1,consultant matches one
3,1,matches one sent
3,1,one sent from
3,1,sent from boris
3,1,from boris epshteyn
3,1,boris epshteyn to
3,1,epshteyn to trump
3,1,to trump lawyer
3,1,trump lawyer rudy
3,1,lawyer rudy giuliani
3,1,rudy giuliani suggesting
3,1,giuliani suggesting that
3,1,suggesting that epshteyn
3,1,that epshteyn is
3,1,epshteyn is co
3,1,is co conspirator
3,1,the russian born
3,1,russian born epshteyn
3,1,born epshteyn has
3,1,epshteyn has been
3,1,has been with
3,1,been with trump's
3,1,with trump's political
3,1,trump's political organization
3,1,political organization since
3,1,organization since 2016
3,1,since 2016 and
3,1,2016 and was
3,1,and was involved
3,1,was involved in
3,1,involved in organizing
3,1,in organizing the
3,1,organizing the slates
3,1,the slates of
3,1,slates of false
3,1,of false electors
3,1,false electors in
3,1,electors in 2020
3,1,along with political
3,1,with political consultant
3,1,political consultant steve
3,1,consultant steve bannon
3,1,steve bannon epshteyn
3,1,bannon epshteyn created
3,1,epshteyn created a
3,1,created a cryptocurrency
3,1,a cryptocurrency called
3,1,cryptocurrency called $fjb
3,1,called $fjb which
3,1,$fjb which officially
3,1,which officially stands
3,1,officially stands for
3,1,stands for freedom
3,1,business but which
3,1,but which they
3,1,which they marketed
3,1,they marketed to
3,1,marketed to trump
3,1,to trump loyalists
3,1,trump loyalists as
3,1,loyalists as f*ck
3,1,as f*ck joe
3,1,f*ck joe biden
3,1,joe biden by
3,1,biden by february
3,1,by february 2023
3,1,february 2023 nikki
3,1,2023 nikki mccann
3,1,nikki mccann ramirez
3,1,mccann ramirez reported
3,1,ramirez reported in
3,1,reported in rolling
3,1,in rolling stone
3,1,rolling stone that
3,1,stone that the
3,1,that the currency
3,1,the currency had
3,1,currency had lost
3,1,had lost 95%
3,1,lost 95% of
3,1,95% of its
3,1,of its value
3,1,its value since
3,1,value since the
3,1,since the indictment
3,1,the indictment became
3,1,indictment became public
3,1,became public trump
3,1,public trump loyalists
3,1,trump loyalists have
3,1,loyalists have insisted
3,1,have insisted that
3,1,insisted that the
3,1,that the department
3,1,of justice is
3,1,justice is attacking
3,1,is attacking trump's
3,1,attacking trump's first
3,1,amendment rights to
3,1,rights to free
3,1,to free speech
3,1,indeed if giuliani's
3,1,if giuliani's 
3,1,giuliani's  unhinged
3,1, unhinged appearance
3,1,unhinged appearance on
3,1,appearance on newsmax
3,1,on newsmax last
3,1,newsmax last night
3,1,last night is
3,1,night is any
3,1,is any indication
3,1,any indication it
3,1,indication it appears
3,1,it appears that
3,1,appears that has
3,1,that has been
3,1,has been their
3,1,been their strategy
3,1,their strategy all
3,1,strategy all along
3,1,aside from the
3,1,from the obvious
3,1,the obvious limit
3,1,obvious limit that
3,1,limit that the
3,1,that the first
3,1,first amendment does
3,1,amendment does not
3,1,does not cover
3,1,not cover criminal
3,1,cover criminal behavior
3,1,criminal behavior the
3,1,behavior the grand
3,1,the grand jury
3,1,grand jury sidestepped
3,1,jury sidestepped this
3,1,sidestepped this issue
3,1,this issue by
3,1,issue by acknowledging
3,1,by acknowledging that
3,1,acknowledging that trump
3,1,that trump had
3,1,trump had a
3,1,a right to
3,1,right to lie
3,1,to lie about
3,1,lie about his
3,1,about his election
3,1,his election loss
3,1,it indicted him
3,1,indicted him for
3,1,him for unlawfully
3,1,for unlawfully trying
3,1,unlawfully trying to
3,1,trying to obstruct
3,1,official proceeding and
3,1,proceeding and to
3,1,and to disenfranchise
3,1,today trump's former
3,1,trump's former attorney
3,1,former attorney general
3,1,attorney general william
3,1,general william barr
3,1,william barr dismissed
3,1,barr dismissed the
3,1,dismissed the idea
3,1,that the indictment
3,1,the indictment is
3,1,indictment is an
3,1,attack on trump's
3,1,on trump's first
3,1,barr told cnn's
3,1,told cnn's kaitlan
3,1,cnn's kaitlan collins
3,1,kaitlan collins as
3,1,collins as the
3,1,as the indictment
3,1,the indictment says
3,1,indictment says they're
3,1,says they're 
3,1,they're  not
3,1, not attacking
3,1,not attacking his
3,1,attacking his first
3,1,his first amendment
3,1,first amendment right
3,1,he can say
3,1,can say whatever
3,1,say whatever he
3,1,whatever he wants
3,1,can even lie
3,1,can even tell
3,1,even tell people
3,1,tell people that
3,1,people that the
3,1,that the election
3,1,the election was
3,1,was stolen when
3,1,stolen when he
3,1,when he knew
3,1,he knew better
3,1,but that does
3,1,that does not
3,1,does not protect
3,1,not protect you
3,1,protect you from
3,1,you from entering
3,1,from entering into
3,1,entering into a
3,1,into a conspiracy
3,1,all conspiracies involve
3,1,conspiracies involve speech
3,1,and all fraud
3,1,all fraud involves
3,1,fraud involves speech
3,1,free speech doesn't
3,1,speech doesn't 
3,1,doesn't  give
3,1, give you
3,1,give you the
3,1,you the right
3,1,right to engage
3,1,to engage in
3,1,engage in a
3,1,in a fraudulent
3,1,a fraudulent conspiracy
3,1,fraudulent conspiracy rudy
3,1,conspiracy rudy giuliani
3,1,rudy giuliani has
3,1,giuliani has his
3,1,has his own
3,1,his own troubles
3,1,own troubles in
3,1,troubles in the
3,1,in the news
3,1,the news today
3,1,news today unrelated
3,1,today unrelated to
3,1,unrelated to the
3,1,to the attempt
3,1,attempt to overturn
3,1,his former assistant
3,1,former assistant noelle
3,1,assistant noelle dunphy
3,1,noelle dunphy is
3,1,dunphy is suing
3,1,is suing him
3,1,suing him for
3,1,him for sexual
3,1,for sexual harassment
3,1,sexual harassment and
3,1,harassment and abuse
3,1,and abuse and
3,1,abuse and new
3,1,and new transcripts
3,1,new transcripts filed
3,1,transcripts filed in
3,1,filed in the
3,1,in the new
3,1,new york supreme
3,1,york supreme court
3,1,supreme court of
3,1,court of giuliani's
3,1,of giuliani's own
3,1,giuliani's own words
3,1,own words reveal
3,1,words reveal disturbing
3,1,reveal disturbing fantasies
3,1,disturbing fantasies of
3,1,fantasies of sexual
3,1,of sexual domination
3,1,sexual domination that
3,1,domination that are
3,1,that are unlikely
3,1,are unlikely to
3,1,unlikely to help
3,1,to help his
3,1,help his reputation
3,1,historian kevin kruse
3,1,kevin kruse retweeted
3,1,kruse retweeted part
3,1,retweeted part of
3,1,of the transcript
3,1,the transcript with
3,1,transcript with the
3,1,with the words
3,1,the words goodbye
3,1,words goodbye lunch
3,1,goodbye lunch the
3,1,lunch the chaos
3,1,the chaos in
3,1,chaos in the
3,1,the country's political
3,1,country's political leaders
3,1,political leaders comes
3,1,leaders comes with
3,1,comes with a
3,1,with a financial
3,1,a financial cost
3,1,according to fitch
3,1,to fitch ratings
3,1,fitch ratings inc
3,1,ratings inc a
3,1,inc a credit
3,1,a credit rating
3,1,credit rating agency
3,1,rating agency the
3,1,agency the national
3,1,the national instability
3,1,national instability caused
3,1,instability caused by
3,1,caused by a
3,1,by a steady
3,1,a steady deterioration
3,1,steady deterioration in
3,1,deterioration in standards
3,1,in standards of
3,1,standards of governance
3,1,of governance over
3,1,governance over the
3,1,over the last
3,1,the last 20
3,1,last 20 years
3,1,20 years has
3,1,years has damaged
3,1,has damaged confidence
3,1,damaged confidence in
3,1,confidence in the
3,1,the country's fiscal
3,1,country's fiscal management
3,1,fiscal management yesterday
3,1,management yesterday it
3,1,yesterday it downgraded
3,1,it downgraded the
3,1,downgraded the united
3,1,states of america's
3,1,of america's long
3,1,america's long term
3,1,long term credit
3,1,term credit rating
3,1,credit rating for
3,1,rating for the
3,1,for the second
3,1,the second time
3,1,second time in
3,1,time in us
3,1,in us history
3,1,fitch cited repeated
3,1,cited repeated debt
3,1,repeated debt limit
3,1,debt limit political
3,1,limit political standoffs
3,1,political standoffs and
3,1,standoffs and last
3,1,and last minute
3,1,last minute resolutions
3,1,minute resolutions a
3,1,resolutions a complex
3,1,a complex budgeting
3,1,complex budgeting process
3,1,budgeting process and
3,1,process and several
3,1,and several economic
3,1,several economic shocks
3,1,economic shocks as
3,1,shocks as well
3,1,well as tax
3,1,as tax cuts
3,1,cuts and new
3,1,and new spending
3,1,new spending initiatives
3,1,spending initiatives for
3,1,initiatives for its
3,1,for its downgrade
3,1,new york times
3,1,york times warned
3,1,times warned that
3,1,warned that the
3,1,that the downgrade
3,1,the downgrade is
3,1,downgrade is another
3,1,is another sign
3,1,another sign that
3,1,sign that wall
3,1,that wall street
3,1,wall street is
3,1,street is worried
3,1,is worried about
3,1,worried about political
3,1,about political chaos
3,1,political chaos including
3,1,chaos including brinkmanship
3,1,including brinkmanship over
3,1,brinkmanship over the
3,1,over the debt
3,1,the debt limit
3,1,debt limit that
3,1,limit that is
3,1,that is becoming
3,1,is becoming entrenched
3,1,becoming entrenched in
3,1,entrenched in washington
3,1,in washington the
3,1,washington the timing
3,1,the timing of
3,1,timing of the
3,1,of the downgrade
3,1,the downgrade made
3,1,downgrade made little
3,1,made little sense
3,1,little sense economically
3,1,sense economically as
3,1,economically as us
3,1,as us economic
3,1,us economic growth
3,1,economic growth is
3,1,growth is strong
3,1,is strong enough
3,1,enough that the
3,1,that the bank
3,1,the bank of
3,1,bank of america
3,1,of america today
3,1,america today walked
3,1,today walked back
3,1,walked back earlier
3,1,back earlier warnings
3,1,earlier warnings of
3,1,warnings of a
3,1,of a recession
3,1,secretary janet yellen
3,1,janet yellen noted
3,1,yellen noted that
3,1,that the key
3,1,the key factors
3,1,key factors on
3,1,factors on which
3,1,on which fitch
3,1,which fitch based
3,1,fitch based its
3,1,based its downgrade
3,1,its downgrade had
3,1,downgrade had started
3,1,had started in
3,1,started in 2018
3,1,in 2018 and
3,1,2018 and called
3,1,and called the
3,1,called the downgrade
3,1,the downgrade arbitrary
3,1,downgrade arbitrary the
3,1,arbitrary the editorial
3,1,the editorial board
3,1,editorial board of
3,1,board of the
3,1,of the washington
3,1,washington post called
3,1,post called the
3,1,called the timing
3,1,the timing bizarre
3,1,timing bizarre but
3,1,bizarre but the
3,1,but the timing
3,1,the timing makes
3,1,timing makes more
3,1,makes more sense
3,1,more sense in
3,1,sense in the
3,1,in the context
3,1,the context of
3,1,context of the
3,1,of the fact
3,1,fact that house
3,1,that house republicans
3,1,house republicans could
3,1,republicans could not
3,1,could not pass
3,1,not pass 11
3,1,pass 11 of
3,1,11 of 12
3,1,of 12 necessary
3,1,12 necessary appropriations
3,1,necessary appropriations bills
3,1,appropriations bills before
3,1,bills before leaving
3,1,before leaving for
3,1,leaving for their
3,1,for their august
3,1,their august recess
3,1,white house said
3,1,house said it
3,1,said it strongly
3,1,it strongly disagree[d
3,1,strongly disagree[d with
3,1,disagree[d with the
3,1,with the decision
3,1,the decision to
3,1,decision to downgrade
3,1,downgrade the us
3,1,the us credit
3,1,us credit rating
3,1,credit rating noting
3,1,rating noting that
3,1,noting that the
3,1,that the ratings
3,1,the ratings model
3,1,ratings model fitch
3,1,model fitch used
3,1,fitch used declined
3,1,used declined under
3,1,declined under trump
3,1,under trump before
3,1,trump before rebounding
3,1,before rebounding under
3,1,rebounding under biden
3,1,under biden and
3,1,biden and saying
3,1,and saying it
3,1,saying it defies
3,1,it defies reality
3,1,defies reality to
3,1,reality to downgrade
3,1,downgrade the united
3,1,united states at
3,1,states at a
3,1,at a moment
3,1,a moment when
3,1,moment when president
3,1,when president biden
3,1,president biden has
3,1,biden has delivered
3,1,has delivered the
3,1,delivered the strongest
3,1,the strongest recovery
3,1,strongest recovery of
3,1,recovery of any
3,1,of any major
3,1,any major economy
3,1,major economy in
3,1,economy in the
3,1,in the world
3,1,the world but
3,1,world but it
3,1,but it did
3,1,it did agree
3,1,did agree that
3,1,agree that extremism
3,1,that extremism by
3,1,extremism by republican
3,1,by republican officials
3,1,republican officials from
3,1,officials from cheerleading
3,1,from cheerleading default
3,1,cheerleading default to
3,1,default to undermining
3,1,to undermining governance
3,1,undermining governance and
3,1,governance and democracy
3,1,and democracy to
3,1,democracy to seeking
3,1,to seeking to
3,1,seeking to extend
3,1,to extend deficit
3,1,extend deficit busting
3,1,deficit busting tax
3,1,busting tax giveaways
3,1,tax giveaways for
3,1,giveaways for the
3,1,wealthy and corporations
3,1,and corporations is
3,1,corporations is a
3,1,is a continued
3,1,a continued threat
3,1,continued threat to
3,1,threat to our
3,1,to our economy
3,1,our economy notes
3,1,economy notes https://www.nytimes.com/2023/08/02/us/politics/boris-epshteyn-co-conspirator-6.html
3,1,notes https://www.nytimes.com/2023/08/02/us/politics/boris-epshteyn-co-conspirator-6.html https://www.rollingstone.com/politics/politics-news/steve-bannon-maga-crypto-coin-collapse-boris-epshteyn-investors-1234685593
3,1,https://www.nytimes.com/2023/08/02/us/politics/boris-epshteyn-co-conspirator-6.html https://www.rollingstone.com/politics/politics-news/steve-bannon-maga-crypto-coin-collapse-boris-epshteyn-investors-1234685593 https://www.motherjones.com/politics/2022/01/steve-bannon-boris-epshteyn-fjb-crypto
3,1,https://www.rollingstone.com/politics/politics-news/steve-bannon-maga-crypto-coin-collapse-boris-epshteyn-investors-1234685593 https://www.motherjones.com/politics/2022/01/steve-bannon-boris-epshteyn-fjb-crypto https://www.washingtonpost.com/opinions/10-former-defense-secretaries-military-peaceful-transfer-of-power/2021/01/03/2a23d52e-4c4d-11eb-a9f4-0e668b9772ba_story.html
3,1,https://www.motherjones.com/politics/2022/01/steve-bannon-boris-epshteyn-fjb-crypto https://www.washingtonpost.com/opinions/10-former-defense-secretaries-military-peaceful-transfer-of-power/2021/01/03/2a23d52e-4c4d-11eb-a9f4-0e668b9772ba_story.html https://talkingpointsmemo.com/news/jeff-clarks-insurrection-act-remark-was-even-worse-than-it-sounds
3,1,https://www.washingtonpost.com/opinions/10-former-defense-secretaries-military-peaceful-transfer-of-power/2021/01/03/2a23d52e-4c4d-11eb-a9f4-0e668b9772ba_story.html https://talkingpointsmemo.com/news/jeff-clarks-insurrection-act-remark-was-even-worse-than-it-sounds https://storage.courtlistener.com/recap/gov.uscourts.dcd.258149/gov.uscourts.dcd.258149.1.0_1.pdf
3,1,https://talkingpointsmemo.com/news/jeff-clarks-insurrection-act-remark-was-even-worse-than-it-sounds https://storage.courtlistener.com/recap/gov.uscourts.dcd.258149/gov.uscourts.dcd.258149.1.0_1.pdf https://www.thedailybeast.com/rudy-giuliani-becomes-unhinged-in-newsmax-interview-over-donald-trump-indictment
3,1,https://storage.courtlistener.com/recap/gov.uscourts.dcd.258149/gov.uscourts.dcd.258149.1.0_1.pdf https://www.thedailybeast.com/rudy-giuliani-becomes-unhinged-in-newsmax-interview-over-donald-trump-indictment https://www.thedailybeast.com/come-here-big-tits-rudy-giulianis-sex-abuse-accuser-noelle-dunphy-has-the-tapes
3,1,https://www.thedailybeast.com/rudy-giuliani-becomes-unhinged-in-newsmax-interview-over-donald-trump-indictment https://www.thedailybeast.com/come-here-big-tits-rudy-giulianis-sex-abuse-accuser-noelle-dunphy-has-the-tapes https://www.fitchratings.com/research/sovereigns/fitch-downgrades-united-states-long-term-ratings-to-aa-from-aaa-outlook-stable-01-08-2023
3,1,https://www.thedailybeast.com/come-here-big-tits-rudy-giulianis-sex-abuse-accuser-noelle-dunphy-has-the-tapes https://www.fitchratings.com/research/sovereigns/fitch-downgrades-united-states-long-term-ratings-to-aa-from-aaa-outlook-stable-01-08-2023 https://finance.yahoo.com/video/why-bank-america-sees-soft-200200020.html
3,1,https://www.fitchratings.com/research/sovereigns/fitch-downgrades-united-states-long-term-ratings-to-aa-from-aaa-outlook-stable-01-08-2023 https://finance.yahoo.com/video/why-bank-america-sees-soft-200200020.html https://www.nytimes.com/2023/08/02/business/dealbook/fitch-us-credit-rating-downgrade.html
3,1,https://finance.yahoo.com/video/why-bank-america-sees-soft-200200020.html https://www.nytimes.com/2023/08/02/business/dealbook/fitch-us-credit-rating-downgrade.html https://www.washingtonpost.com/opinions/2023/08/02/fitch-downgrade-national-debt-credit
3,1,https://www.nytimes.com/2023/08/02/business/dealbook/fitch-us-credit-rating-downgrade.html https://www.washingtonpost.com/opinions/2023/08/02/fitch-downgrade-national-debt-credit https://www.whitehouse.gov/briefing-room/statements-releases/2023/08/01/statement-from-press-secretary-karine-jean-pierre-on-the-recent-decision-by-fitch-ratings
3,1,https://www.washingtonpost.com/opinions/2023/08/02/fitch-downgrade-national-debt-credit https://www.whitehouse.gov/briefing-room/statements-releases/2023/08/01/statement-from-press-secretary-karine-jean-pierre-on-the-recent-decision-by-fitch-ratings twitter
3,1,https://www.whitehouse.gov/briefing-room/statements-releases/2023/08/01/statement-from-press-secretary-karine-jean-pierre-on-the-recent-decision-by-fitch-ratings twitter atrupar/status/1686907094790770688
3,1,twitter atrupar/status/1686907094790770688 petestrzok/status/1686745374826864641
3,1,atrupar/status/1686907094790770688 petestrzok/status/1686745374826864641 tbonier/status/1686544017981362176
3,1,petestrzok/status/1686745374826864641 tbonier/status/1686544017981362176 politicussarah/status/1686869056018649088
3,1,tbonier/status/1686544017981362176 politicussarah/status/1686869056018649088 status/1686773362515644416
3,1,politicussarah/status/1686869056018649088 status/1686773362515644416 share
3,1,status/1686773362515644416 share in
3,1,share in a
3,1,in a washington
3,1,op ed today
3,1,ed today house
3,1,today house minority
3,1,house minority leader
3,1,hakeem jeffries d-ny
3,1,jeffries d-ny offered
3,1,d-ny offered house
3,1,offered house republicans
3,1,house republicans a
3,1,republicans a path
3,1,a path to
3,1,path to a
3,1,to a better
3,1,a better place
3,1,better place than
3,1,place than the
3,1,than the dysfunction
3,1,the dysfunction and
3,1,dysfunction and rancor
3,1,and rancor they
3,1,rancor they have
3,1,they have allowed
3,1,have allowed to
3,1,allowed to engulf
3,1,to engulf the
3,1,engulf the house
3,1,the house democrats
3,1,house democrats have
3,1,democrats have repeatedly
3,1,have repeatedly offered
3,1,repeatedly offered both
3,1,offered both in
3,1,both in public
3,1,in public and
3,1,public and in
3,1,and in private
3,1,in private to
3,1,private to enter
3,1,to enter into
3,1,enter into a
3,1,into a bipartisan
3,1,a bipartisan governing
3,1,bipartisan governing coalition
3,1,governing coalition he
3,1,coalition he wrote
3,1,wrote but under
3,1,but under former
3,1,under former house
3,1,former house speaker
3,1,house speaker kevin
3,1,speaker kevin mccarthy
3,1,mccarthy r-ca republicans
3,1,r-ca republicans have
3,1,republicans have categorically
3,1,have categorically rejected
3,1,categorically rejected making
3,1,rejected making changes
3,1,making changes to
3,1,changes to the
3,1,to the rules
3,1,the rules in
3,1,rules in order
3,1,in order to...encourage
3,1,order to...encourage bipartisan
3,1,to...encourage bipartisan governance
3,1,bipartisan governance and
3,1,governance and undermine
3,1,and undermine the
3,1,undermine the ability
3,1,the ability of
3,1,ability of extremists
3,1,of extremists to
3,1,extremists to hold
3,1,to hold congress
3,1,hold congress hostage
3,1,congress hostage jeffries
3,1,hostage jeffries offered
3,1,jeffries offered to
3,1,offered to work
3,1,to work with
3,1,work with willing
3,1,with willing republicans
3,1,willing republicans to
3,1,republicans to reform
3,1,to reform the
3,1,reform the rules
3,1,rules of the
3,1,house in a
3,1,in a manner
3,1,a manner that
3,1,manner that permits
3,1,that permits us
3,1,permits us to
3,1,us to govern
3,1,to govern in
3,1,govern in a
3,1,in a pragmatic
3,1,a pragmatic fashion
3,1,pragmatic fashion stating
3,1,fashion stating up
3,1,stating up front
3,1,up front his
3,1,front his willingness
3,1,willingness to negotiate
3,1,to negotiate jeffries
3,1,negotiate jeffries wrote
3,1,jeffries wrote that
3,1,wrote that the
3,1,that the house
3,1,the house should
3,1,house should be
3,1,should be restructured
3,1,be restructured to
3,1,restructured to promote
3,1,to promote governance
3,1,promote governance by
3,1,governance by consensus
3,1,by consensus and
3,1,consensus and facilitate
3,1,and facilitate up
3,1,facilitate up or
3,1,up or down
3,1,or down votes
3,1,down votes on
3,1,votes on bills
3,1,on bills that
3,1,bills that have
3,1,that have strong
3,1,have strong bipartisan
3,1,strong bipartisan support
3,1,bipartisan support this
3,1,support this would
3,1,this would stop
3,1,would stop a
3,1,stop a few
3,1,a few extremist
3,1,few extremist republicans
3,1,extremist republicans from
3,1,republicans from preventing
3,1,from preventing common-sense
3,1,preventing common-sense legislation
3,1,common-sense legislation from
3,1,legislation from ever
3,1,from ever seeing
3,1,ever seeing the
3,1,seeing the light
3,1,the light of
3,1,light of day
3,1,of day jeffries
3,1,day jeffries called
3,1,jeffries called for
3,1,called for traditional
3,1,for traditional republicans
3,1,traditional republicans to
3,1,republicans to break
3,1,break with the
3,1,with the maga
3,1,the maga extremism
3,1,maga extremism that
3,1,extremism that has
3,1,that has poisoned
3,1,has poisoned the
3,1,poisoned the house
3,1,of representatives since
3,1,representatives since the
3,1,since the violent
3,1,the violent insurrection
3,1,violent insurrection on
3,1,insurrection on jan[uary
3,1,on jan[uary 6
3,1,jan[uary 6 2021
3,1,6 2021 and
3,1,2021 and its
3,1,and its aftermath
3,1,its aftermath house
3,1,aftermath house democrats
3,1,house democrats remain
3,1,democrats remain committed
3,1,remain committed to
3,1,committed to a
3,1,to a bipartisan
3,1,a bipartisan path
3,1,bipartisan path forward
3,1,path forward he
3,1,forward he wrote
3,1,wrote but we
3,1,but we simply
3,1,we simply need
3,1,simply need republican
3,1,need republican partners
3,1,republican partners willing
3,1,partners willing to
3,1,willing to break
3,1,break with maga
3,1,with maga extremism
3,1,maga extremism reform
3,1,extremism reform the
3,1,reform the highly
3,1,the highly partisan
3,1,highly partisan house
3,1,partisan house rules
3,1,house rules that
3,1,rules that were
3,1,that were adopted
3,1,were adopted at
3,1,adopted at the
3,1,at the beginning
3,1,the beginning of
3,1,beginning of this
3,1,of this congress
3,1,this congress and
3,1,congress and join
3,1,and join us
3,1,join us in
3,1,us in finding
3,1,in finding common
3,1,finding common good
3,1,common good for
3,1,good for the
3,1,for the people
3,1,the people jeffries
3,1,people jeffries is
3,1,jeffries is reaching
3,1,is reaching out
3,1,reaching out at
3,1,out at a
3,1,at a delicate
3,1,a delicate moment
3,1,delicate moment for
3,1,moment for republicans
3,1,while the minority
3,1,the minority leader's
3,1,minority leader's appeal
3,1,leader's appeal to
3,1,appeal to what
3,1,to what is
3,1,what is best
3,1,is best for
3,1,best for the
3,1,the country is
3,1,country is an
3,1,is an important
3,1,an important reminder
3,1,important reminder of
3,1,reminder of what
3,1,of what is
3,1,what is at
3,1,is at stake
3,1,at stake here
3,1,stake here there
3,1,here there are
3,1,there are also
3,1,are also political
3,1,also political currents
3,1,political currents running
3,1,currents running under
3,1,running under the
3,1,under the surface
3,1,the surface of
3,1,surface of the
3,1,of the speaker
3,1,the speaker crisis
3,1,the speaker vote
3,1,speaker vote will
3,1,vote will force
3,1,will force republicans
3,1,force republicans to
3,1,republicans to go
3,1,to go on
3,1,go on the
3,1,the record either
3,1,record either for
3,1,either for or
3,1,for or against
3,1,or against former
3,1,against former president
3,1,president trump a
3,1,trump a declaration
3,1,a declaration most
3,1,declaration most have
3,1,most have so
3,1,have so far
3,1,so far been
3,1,far been able
3,1,been able to
3,1,able to avoid
3,1,there is enormous
3,1,is enormous pressure
3,1,enormous pressure from
3,1,pressure from pro-trump
3,1,from pro-trump maga
3,1,pro-trump maga republicans
3,1,maga republicans to
3,1,republicans to stick
3,1,to stick with
3,1,stick with the
3,1,with the former
3,1,former president and
3,1,president and elect
3,1,and elect his
3,1,elect his chosen
3,1,his chosen candidate
3,1,chosen candidate representative
3,1,candidate representative jim
3,1,representative jim jordan
3,1,jim jordan r-oh
3,1,jordan r-oh as
3,1,r-oh as house
3,1,as house speaker
3,1,but jordan is
3,1,jordan is a
3,1,is a very
3,1,a very close
3,1,very close ally
3,1,close ally of
3,1,ally of trump's
3,1,of trump's 
3,1,trump's  and
3,1, and can
3,1,and can be
3,1,can be expected
3,1,be expected to
3,1,expected to demand
3,1,to demand an
3,1,demand an end
3,1,an end to
3,1,end to investigations
3,1,to investigations into
3,1,investigations into the
3,1,into the former
3,1,former president in
3,1,president in exchange
3,1,exchange for doing
3,1,for doing even
3,1,doing even the
3,1,even the most
3,1,the most basic
3,1,most basic business
3,1,basic business trump
3,1,business trump after
3,1,trump after all
3,1,after all demanded
3,1,all demanded a
3,1,demanded a government
3,1,a government shutdown
3,1,government shutdown until
3,1,shutdown until the
3,1,until the cases
3,1,the cases against
3,1,cases against him
3,1,against him were
3,1,him were abandoned
3,1,throwing the speakership
3,1,the speakership to
3,1,speakership to him
3,1,to him will
3,1,him will mean
3,1,will mean facing
3,1,mean facing the
3,1,facing the 2024
3,1,the 2024 election
3,1,2024 election with
3,1,election with a
3,1,with a fully
3,1,a fully committed
3,1,fully committed trump
3,1,committed trump party
3,1,trump party and
3,1,party and government
3,1,and government dysfunction
3,1,government dysfunction as
3,1,dysfunction as the
3,1,as the republicans
3,1,the republicans main
3,1,republicans main argument
3,1,main argument for
3,1,argument for why
3,1,for why voters
3,1,why voters should
3,1,voters should back
3,1,should back them
3,1,that might play
3,1,might play well
3,1,play well in
3,1,well in the
3,1,in the gerrymandered
3,1,the gerrymandered districts
3,1,gerrymandered districts of
3,1,districts of the
3,1,of the extremists
3,1,the extremists but
3,1,extremists but there
3,1,but there are
3,1,there are 18
3,1,are 18 republicans
3,1,18 republicans who
3,1,republicans who won
3,1,who won election
3,1,won election in
3,1,election in districts
3,1,in districts president
3,1,districts president biden
3,1,president biden won
3,1,biden won in
3,1,won in 2020
3,1,2020 and they
3,1,and they will
3,1,they will not
3,1,will not want
3,1,not want to
3,1,want to run
3,1,to run on
3,1,run on a
3,1,on a ticket
3,1,a ticket dominated
3,1,ticket dominated by
3,1,dominated by trump
3,1,by trump and
3,1,trump and jordan
3,1,but a vote
3,1,a vote for
3,1,vote for the
3,1,for the other
3,1,the other declared
3,1,other declared candidate
3,1,declared candidate representative
3,1,candidate representative steve
3,1,representative steve scalise
3,1,steve scalise r-la
3,1,scalise r-la means
3,1,r-la means being
3,1,means being on
3,1,being on record
3,1,on record against
3,1,record against trump
3,1,against trump and
3,1,trump and for
3,1,and for a
3,1,for a man
3,1,a man who
3,1,man who once
3,1,who once described
3,1,once described himself
3,1,described himself as
3,1,himself as ku
3,1,as ku klux
3,1,klux klan leader
3,1,klan leader david
3,1,leader david duke
3,1,david duke without
3,1,duke without the
3,1,without the baggage
3,1,the baggage the
3,1,baggage the other
3,1,the other calculation
3,1,other calculation those
3,1,calculation those wavering
3,1,those wavering republican
3,1,wavering republican members
3,1,republican members of
3,1,members of congress
3,1,of congress must
3,1,congress must make
3,1,must make is
3,1,make is what
3,1,is what they
3,1,what they expect
3,1,they expect for
3,1,expect for the
3,1,for the future
3,1,number of the
3,1,the state maps
3,1,state maps that
3,1,maps that gave
3,1,that gave republicans
3,1,gave republicans their
3,1,republicans their slim
3,1,their slim house
3,1,slim house majority
3,1,house majority have
3,1,majority have been
3,1,have been found
3,1,been found unconstitutional
3,1,found unconstitutional and
3,1,unconstitutional and are
3,1,and are now
3,1,are now being
3,1,now being redrawn
3,1,being redrawn in
3,1,redrawn in ways
3,1,in ways that
3,1,ways that suggest
3,1,that suggest the
3,1,suggest the democrats
3,1,the democrats might
3,1,democrats might well
3,1,might well retake
3,1,well retake the
3,1,retake the house
3,1,house in 2024
3,1,if that happens
3,1,that happens having
3,1,happens having forged
3,1,having forged a
3,1,forged a working
3,1,a working relationship
3,1,working relationship with
3,1,relationship with the
3,1,with the democrats
3,1,the democrats would
3,1,democrats would be
3,1,would be far
3,1,be far more
3,1,far more useful
3,1,more useful than
3,1,useful than standing
3,1,than standing with
3,1,standing with the
3,1,with the hard
3,1,the hard right
3,1,it would take
3,1,would take as
3,1,take as few
3,1,as few as
3,1,few as five
3,1,as five republican
3,1,five republican votes
3,1,republican votes to
3,1,votes to elect
3,1,to elect jeffries
3,1,elect jeffries speaker
3,1,jeffries speaker which
3,1,speaker which is
3,1,which is an
3,1,is an unlikely
3,1,an unlikely outcome
3,1,unlikely outcome but
3,1,outcome but it
3,1,but it would
3,1,it would also
3,1,would also take
3,1,also take just
3,1,take just a
3,1,just a few
3,1,a few democrats
3,1,few democrats to
3,1,democrats to vote
3,1,to vote present
3,1,vote present and
3,1,present and lower
3,1,and lower the
3,1,lower the number
3,1,the number needed
3,1,number needed to
3,1,needed to enable
3,1,to enable the
3,1,enable the republicans
3,1,the republicans to
3,1,republicans to elect
3,1,to elect someone
3,1,elect someone more
3,1,someone more moderate
3,1,more moderate than
3,1,moderate than their
3,1,than their current
3,1,their current option
3,1,jeffries might well
3,1,might well be
3,1,well be signaling
3,1,be signaling that
3,1,signaling that the
3,1,that the democrats
3,1,the democrats are
3,1,democrats are willing
3,1,are willing to
3,1,willing to enable
3,1,to enable that
3,1,enable that outcome
3,1,that outcome but
3,1,outcome but only
3,1,but only for
3,1,only for a
3,1,for a republican
3,1,a republican who
3,1,republican who is
3,1,who is not
3,1,not a bomb
3,1,a bomb thrower
3,1,republicans who are
3,1,who are not
3,1,are not committed
3,1,not committed to
3,1,committed to trump
3,1,to trump may
3,1,trump may also
3,1,may also be
3,1,also be paying
3,1,be paying attention
3,1,paying attention to
3,1,attention to what
3,1,to what increasingly
3,1,what increasingly feels
3,1,increasingly feels like
3,1,feels like a
3,1,like a shift
3,1,a shift in
3,1,shift in the
3,1,the country's popular
3,1,country's popular tide
3,1,today's news provided
3,1,news provided more
3,1,provided more evidence
3,1,more evidence that
3,1,evidence that biden's
3,1,that biden's approach
3,1,biden's approach to
3,1,approach to the
3,1,to the economy
3,1,the economy using
3,1,economy using the
3,1,using the government
3,1,government to invest
3,1,to invest in
3,1,invest in ordinary
3,1,in ordinary americans
3,1,ordinary americans is
3,1,americans is working
3,1,is working far
3,1,working far better
3,1,far better than
3,1,better than the
3,1,than the republicans
3,1,the republicans approach
3,1,republicans approach of
3,1,approach of slashing
3,1,of slashing the
3,1,slashing the government
3,1,government to enable
3,1,to enable capitalists
3,1,enable capitalists to
3,1,capitalists to organize
3,1,to organize the
3,1,organize the economy
3,1,the economy ever
3,1,economy ever did
3,1,today the bureau
3,1,labor statistics released
3,1,statistics released yet
3,1,released yet another
3,1,yet another very
3,1,another very strong
3,1,very strong jobs
3,1,strong jobs report
3,1,jobs report showing
3,1,report showing that
3,1,economy added 336000
3,1,added 336000 jobs
3,1,336000 jobs in
3,1,jobs in september
3,1,in september almost
3,1,september almost twice
3,1,almost twice what
3,1,twice what economists
3,1,what economists had
3,1,economists had predicted
3,1,the unemployment rate
3,1,unemployment rate held
3,1,rate held steady
3,1,held steady at
3,1,steady at 3.8%
3,1,the biggest gains
3,1,biggest gains were
3,1,gains were in
3,1,were in leisure
3,1,in leisure and
3,1,leisure and hospitality
3,1,and hospitality and
3,1,hospitality and in
3,1,and in government
3,1,average hourly wages
3,1,hourly wages went
3,1,wages went up
3,1,went up 4.2%
3,1,up 4.2% over
3,1,4.2% over the
3,1,the past 12
3,1,past 12 months
3,1,12 months more
3,1,months more than
3,1,than the inflation
3,1,the inflation rate
3,1,inflation rate of
3,1,rate of 3.4%
3,1,the bureau also
3,1,bureau also revised
3,1,also revised its
3,1,revised its employment
3,1,its employment statistics
3,1,employment statistics for
3,1,statistics for july
3,1,for july and
3,1,july and august
3,1,and august upward
3,1,august upward showing
3,1,upward showing that
3,1,that the employment
3,1,the employment in
3,1,employment in those
3,1,in those months
3,1,those months was
3,1,months was up
3,1,was up 199000
3,1,up 199000 more
3,1,199000 more than
3,1,than the gains
3,1,the gains already
3,1,gains already reported
3,1,the country's shift
3,1,country's shift away
3,1,shift away from
3,1,away from concentrating
3,1,from concentrating wealth
3,1,wealth upward also
3,1,upward also showed
3,1,also showed today
3,1,showed today in
3,1,today in positive
3,1,in positive movement
3,1,positive movement toward
3,1,movement toward a
3,1,toward a historic
3,1,a historic settlement
3,1,historic settlement between
3,1,settlement between the
3,1,between the united
3,1,the united auto
3,1,united auto workers
3,1,auto workers and
3,1,workers and automakers
3,1,uaw president shawn
3,1,president shawn fain
3,1,shawn fain announced
3,1,fain announced that
3,1,announced that general
3,1,that general motors
3,1,general motors has
3,1,motors has agreed
3,1,has agreed to
3,1,agreed to include
3,1,to include workers
3,1,include workers at
3,1,workers at plants
3,1,at plants making
3,1,plants making batteries
3,1,making batteries for
3,1,batteries for electric
3,1,for electric vehicles
3,1,electric vehicles in
3,1,vehicles in the
3,1,in the uaw's
3,1,the uaw's national
3,1,uaw's national labor
3,1,national labor agreement
3,1,while the uaw
3,1,the uaw wanted
3,1,uaw wanted and
3,1,wanted and appears
3,1,to be obtaining
3,1,be obtaining higher
3,1,obtaining higher wages
3,1,higher wages its
3,1,wages its leaders
3,1,its leaders were
3,1,leaders were especially
3,1,were especially concerned
3,1,especially concerned about
3,1,concerned about what
3,1,about what the
3,1,what the transition
3,1,to evs would
3,1,evs would do
3,1,would do to
3,1,do to workers
3,1,fain said that
3,1,said that automakers
3,1,that automakers had
3,1,automakers had been
3,1,had been planning
3,1,been planning to
3,1,planning to phase
3,1,to phase out
3,1,phase out the
3,1,out the engine
3,1,the engine and
3,1,engine and transmission
3,1,and transmission plants
3,1,transmission plants worked
3,1,plants worked by
3,1,worked by union
3,1,by union laborers
3,1,union laborers and
3,1,laborers and replace
3,1,and replace those
3,1,replace those jobs
3,1,those jobs with
3,1,jobs with lower
3,1,with lower wage
3,1,lower wage jobs
3,1,wage jobs in
3,1,jobs in non
3,1,in non union
3,1,non union battery
3,1,union battery plants
3,1,until now automakers
3,1,now automakers had
3,1,automakers had said
3,1,had said it
3,1,would be impossible
3,1,be impossible to
3,1,impossible to permit
3,1,permit the battery
3,1,the battery plants
3,1,battery plants to
3,1,plants to be
3,1,to be covered
3,1,be covered by
3,1,covered by the
3,1,by the union
3,1,the union umbrella
3,1,fain called the
3,1,called the agreement
3,1,the agreement a
3,1,agreement a transformative
3,1,a transformative win
3,1,transformative win and
3,1,win and in
3,1,and in light
3,1,in light of
3,1,light of that
3,1,of that agreement
3,1,that agreement announced
3,1,agreement announced that
3,1,announced that the
3,1,that the uaw
3,1,the uaw will
3,1,uaw will not
3,1,will not expand
3,1,not expand its
3,1,expand its strike
3,1,its strike into
3,1,strike into gm's
3,1,into gm's 
3,1,gm's  most
3,1, most profitable
3,1,most profitable plant
3,1,profitable plant in
3,1,plant in arlington
3,1,in arlington texas
3,1,fain said he
3,1,said he expects
3,1,he expects that
3,1,expects that ford
3,1,that ford and
3,1,ford and stellantis
3,1,and stellantis which
3,1,stellantis which includes
3,1,which includes chrysler
3,1,includes chrysler dodge
3,1,chrysler dodge jeep
3,1,dodge jeep and
3,1,jeep and ram
3,1,and ram will
3,1,ram will agree
3,1,will agree to
3,1,agree to the
3,1,to the same
3,1,the same deal
3,1,same deal and
3,1,deal and labor
3,1,and labor scholars
3,1,labor scholars agree
3,1,trump visited a
3,1,visited a non
3,1,a non union
3,1,non union plant
3,1,union plant in
3,1,plant in this
3,1,in this dispute
3,1,this dispute where
3,1,dispute where he
3,1,where he attacked
3,1,he attacked the
3,1,attacked the transition
3,1,to evs as
3,1,evs as job
3,1,as job killers
3,1,job killers for
3,1,killers for autoworkers
3,1,this new agreement
3,1,new agreement makes
3,1,agreement makes it
3,1,makes it unlikely
3,1,it unlikely that
3,1,unlikely that autoworkers
3,1,that autoworkers will
3,1,autoworkers will back
3,1,will back trump
3,1,back trump over
3,1,trump over this
3,1,over this issue
3,1,biden on the
3,1,on the other
3,1,the other hand
3,1,other hand weighed
3,1,hand weighed in
3,1,weighed in on
3,1,in on the
3,1,on the fight
3,1,the fight by
3,1,fight by joining
3,1,by joining the
3,1,joining the uaw
3,1,the uaw picket
3,1,uaw picket line
3,1,notes https://www.washingtonpost.com/business/2023/10/06/september-jobs-report-unemployment ​​
3,1,https://www.washingtonpost.com/business/2023/10/06/september-jobs-report-unemployment ​​ https://www.bls.gov/news.release/empsit.nr0.htm
3,1,​​ https://www.bls.gov/news.release/empsit.nr0.htm https://www.washingtonpost.com/opinions/2023/10/06/hakeem-jeffries-bipartisan-coalition-house-gop
3,1,https://www.bls.gov/news.release/empsit.nr0.htm https://www.washingtonpost.com/opinions/2023/10/06/hakeem-jeffries-bipartisan-coalition-house-gop https://www.freep.com/story/money/cars/2023/10/06/uaw-strike-update-gm-battery-plants/71085498007
3,1,https://www.washingtonpost.com/opinions/2023/10/06/hakeem-jeffries-bipartisan-coalition-house-gop https://www.freep.com/story/money/cars/2023/10/06/uaw-strike-update-gm-battery-plants/71085498007 https://www.detroitnews.com/business
3,1,https://www.freep.com/story/money/cars/2023/10/06/uaw-strike-update-gm-battery-plants/71085498007 https://www.detroitnews.com/business https://newrepublic.com/article/175979/hakeem-jeffries-house-speaker-dare-say-it
3,1,https://www.detroitnews.com/business https://newrepublic.com/article/175979/hakeem-jeffries-house-speaker-dare-say-it share
3,1,https://newrepublic.com/article/175979/hakeem-jeffries-house-speaker-dare-say-it share while
3,1,share while there
3,1,while there is
3,1,there is news
3,1,is news today
3,1,news today it
3,1,today it is
3,1,also the anniversary
3,1,of the 1864
3,1,the 1864 battle
3,1,1864 battle of
3,1,mobile bay which
3,1,bay which is
3,1,which is one
3,1,is one of
3,1,one of my
3,1,of my favorite
3,1,my favorite stories
3,1,i'm  guessing
3,1, guessing we
3,1,guessing we could
3,1,we could all
3,1,could all use
3,1,all use a
3,1,use a break
3,1,a break from
3,1,break from the
3,1,from the drumbeat
3,1,the drumbeat of
3,1,drumbeat of today's
3,1,of today's events
3,1,today's events to
3,1,events to remember
3,1,to remember yesterday's
3,1,the story of
3,1,story of the
3,1,of the battle
3,1,mobile bay started
3,1,bay started long
3,1,started long before
3,1,long before august
3,1,before august 5
3,1,august 5 1864
3,1,by the spring
3,1,the spring of
3,1,spring of 1864
3,1,of 1864 victory
3,1,1864 victory in
3,1,victory in the
3,1,in the civil
3,1,civil war depended
3,1,war depended on
3,1,depended on which
3,1,on which side
3,1,which side could
3,1,side could endure
3,1,could endure longest
3,1,confederates were starving
3,1,were starving as
3,1,starving as they
3,1,as they mourned
3,1,they mourned their
3,1,mourned their many
3,1,their many dead
3,1,many dead union
3,1,dead union supporters
3,1,union supporters were
3,1,supporters were tired
3,1,were tired of
3,1,tired of losing
3,1,of losing sons
3,1,losing sons to
3,1,sons to battles
3,1,to battles that
3,1,battles that seemed
3,1,that seemed to
3,1,seemed to accomplish
3,1,to accomplish nothing
3,1,president abraham lincoln
3,1,abraham lincoln knew
3,1,lincoln knew he
3,1,knew he must
3,1,he must land
3,1,must land a
3,1,land a crushing
3,1,a crushing blow
3,1,crushing blow on
3,1,blow on the
3,1,on the south
3,1,the south or
3,1,south or lose
3,1,or lose the
3,1,lose the upcoming
3,1,the upcoming presidential
3,1,upcoming presidential election
3,1,if he lost
3,1,he lost the
3,1,lost the best
3,1,the best americans
3,1,best americans could
3,1,americans could hope
3,1,could hope for
3,1,hope for was
3,1,for was a
3,1,was a negotiated
3,1,a negotiated peace
3,1,negotiated peace that
3,1,peace that tore
3,1,that tore the
3,1,tore the nation
3,1,the nation in
3,1,nation in two
3,1,in march 1864
3,1,march 1864 lincoln
3,1,1864 lincoln appointed
3,1,lincoln appointed ulysses
3,1,appointed ulysses s
3,1,ulysses s grant
3,1,s grant commander
3,1,grant commander in
3,1,commander in chief
3,1,in chief of
3,1,chief of all
3,1,of all the
3,1,union armies hoping
3,1,armies hoping that
3,1,hoping that this
3,1,that this stubborn
3,1,this stubborn westerner
3,1,stubborn westerner could
3,1,westerner could win
3,1,could win the
3,1,grant set out
3,1,out to press
3,1,to press the
3,1,press the confederacy
3,1,the confederacy on
3,1,confederacy on all
3,1,on all fronts
3,1,the past the
3,1,past the union
3,1,union armies had
3,1,armies had acted
3,1,had acted independently
3,1,acted independently permitting
3,1,independently permitting confederates
3,1,permitting confederates to
3,1,confederates to move
3,1,to move troops
3,1,move troops to
3,1,troops to the
3,1,to the places
3,1,the places they
3,1,places they were
3,1,they were most
3,1,were most needed
3,1,grant immediately coordinated
3,1,immediately coordinated all
3,1,coordinated all the
3,1,union armies to
3,1,armies to move
3,1,move against the
3,1,against the south
3,1,the south at
3,1,south at once
3,1,in the east
3,1,the east the
3,1,east the army
3,1,the potomac would
3,1,potomac would hit
3,1,would hit robert
3,1,hit robert e
3,1,robert e lee's
3,1,e lee's army
3,1,lee's army of
3,1,army of northern
3,1,of northern virginia
3,1,in georgia william
3,1,georgia william t
3,1,william t sherman's
3,1,t sherman's western
3,1,sherman's western troops
3,1,western troops would
3,1,troops would smash
3,1,would smash their
3,1,smash their way
3,1,their way from
3,1,way from tennessee
3,1,from tennessee to
3,1,tennessee to atlanta
3,1,finally grant wanted
3,1,grant wanted the
3,1,wanted the us
3,1,us navy to
3,1,navy to move
3,1,against mobile alabama
3,1,mobile alabama a
3,1,alabama a port
3,1,a port on
3,1,port on the
3,1,on the gulf
3,1,the gulf coast
3,1,gulf coast so
3,1,coast so well
3,1,so well protected
3,1,well protected by
3,1,protected by shifting
3,1,by shifting sands
3,1,shifting sands that
3,1,sands that it
3,1,that it had
3,1,it had become
3,1,had become the
3,1,become the major
3,1,the major harbor
3,1,major harbor for
3,1,harbor for the
3,1,for the blockade
3,1,the blockade runners
3,1,blockade runners that
3,1,runners that still
3,1,that still linked
3,1,still linked the
3,1,linked the confederacy
3,1,the confederacy to
3,1,confederacy to europe
3,1,grant hoped this
3,1,hoped this strategy
3,1,this strategy would
3,1,strategy would lock
3,1,would lock the
3,1,lock the south
3,1,the south in
3,1,south in a
3,1,in a vise
3,1,by midsummer the
3,1,midsummer the plan
3,1,the plan had
3,1,plan had faltered
3,1,the potomac had
3,1,potomac had stalled
3,1,had stalled in
3,1,stalled in virginia
3,1,in virginia after
3,1,virginia after an
3,1,after an appalling
3,1,an appalling 17000
3,1,appalling 17000 casualties
3,1,17000 casualties at
3,1,casualties at the
3,1,at the battle
3,1,battle of the
3,1,of the wilderness
3,1,the wilderness 18000
3,1,wilderness 18000 at
3,1,18000 at spotsylvania
3,1,at spotsylvania and
3,1,spotsylvania and another
3,1,and another 12000
3,1,another 12000 at
3,1,12000 at cold
3,1,at cold harbor
3,1,cold harbor where
3,1,harbor where soldiers
3,1,where soldiers pinned
3,1,soldiers pinned their
3,1,pinned their names
3,1,their names and
3,1,names and addresses
3,1,and addresses to
3,1,addresses to the
3,1,to the backs
3,1,the backs of
3,1,backs of their
3,1,of their uniforms
3,1,their uniforms before
3,1,uniforms before the
3,1,before the battle
3,1,the battle so
3,1,battle so their
3,1,so their bodies
3,1,their bodies could
3,1,bodies could be
3,1,could be identified
3,1,sherman was stopped
3,1,was stopped outside
3,1,stopped outside atlanta
3,1,and the navy
3,1,the navy had
3,1,navy had run
3,1,had run aground
3,1,run aground up
3,1,aground up the
3,1,up the red
3,1,the red river
3,1,red river in
3,1,river in louisiana
3,1,in louisiana as
3,1,louisiana as it
3,1,as it made
3,1,it made a
3,1,made a feint
3,1,a feint in
3,1,feint in that
3,1,in that direction
3,1,that direction before
3,1,direction before the
3,1,before the move
3,1,the move against
3,1,against mobile bay
3,1,union morale was
3,1,morale was so
3,1,was so low
3,1,so low that
3,1,low that even
3,1,that even president
3,1,even president lincoln
3,1,president lincoln thought
3,1,lincoln thought he
3,1,thought he would
3,1,he would lose
3,1,would lose the
3,1,lose the election
3,1,the election and
3,1,election and the
3,1,and the war
3,1,the war would
3,1,war would end
3,1,would end in
3,1,end in an
3,1,in an armistice
3,1,by late summer
3,1,late summer the
3,1,summer the pressure
3,1,the pressure was
3,1,pressure was on
3,1,was on admiral
3,1,on admiral david
3,1,admiral david g
3,1,david g farragut
3,1,g farragut to
3,1,farragut to deliver
3,1,to deliver a
3,1,deliver a victory
3,1,a victory in
3,1,victory in mobile
3,1,in mobile bay
3,1,after weeks of
3,1,weeks of waiting
3,1,of waiting for
3,1,waiting for reinforcements
3,1,for reinforcements on
3,1,reinforcements on the
3,1,on the morning
3,1,the morning of
3,1,morning of august
3,1,of august 5
3,1,august 5 farragut
3,1,5 farragut ordered
3,1,ordered the captains
3,1,the captains of
3,1,captains of the
3,1,of the fourteen
3,1,the fourteen wooden
3,1,fourteen wooden ships
3,1,wooden ships and
3,1,ships and four
3,1,and four ironclads
3,1,four ironclads under
3,1,ironclads under his
3,1,under his command
3,1,his command to
3,1,command to strip
3,1,to strip your
3,1,strip your vessels
3,1,your vessels and
3,1,vessels and prepare
3,1,and prepare for
3,1,prepare for the
3,1,for the conflict
3,1,the conflict at
3,1,conflict at 5:40
3,1,at 5:40 am
3,1,5:40 am with
3,1,am with the
3,1,with the wooden
3,1,the wooden ships
3,1,wooden ships lashed
3,1,ships lashed together
3,1,lashed together in
3,1,together in pairs
3,1,in pairs and
3,1,pairs and the
3,1,and the ironclads
3,1,the ironclads protecting
3,1,ironclads protecting them
3,1,protecting them the
3,1,them the vessels
3,1,the vessels set
3,1,vessels set out
3,1,set out in
3,1,out in a
3,1,in a line
3,1,a line to
3,1,line to pass
3,1,pass the three
3,1,the three forts
3,1,three forts and
3,1,forts and four
3,1,and four warships
3,1,four warships that
3,1,warships that guarded
3,1,that guarded the
3,1,guarded the harbor
3,1,the harbor above
3,1,harbor above water
3,1,above water and
3,1,water and the
3,1,and the minefield
3,1,the minefield that
3,1,minefield that guarded
3,1,that guarded all
3,1,guarded all but
3,1,all but a
3,1,but a 500
3,1,a 500 yard
3,1,500 yard channel
3,1,yard channel below
3,1,channel below the
3,1,below the admiral's
3,1,the admiral's flagship
3,1,admiral's flagship the
3,1,flagship the hartford
3,1,the hartford was
3,1,hartford was in
3,1,was in the
3,1,in the second
3,1,the second pair
3,1,second pair in
3,1,pair in line
3,1,in line behind
3,1,line behind the
3,1,behind the brooklyn
3,1,the brooklyn and
3,1,brooklyn and its
3,1,and its partner
3,1,the ships proceeded
3,1,ships proceeded under
3,1,proceeded under heavy
3,1,under heavy fire
3,1,heavy fire going
3,1,fire going slowly
3,1,going slowly to
3,1,slowly to stay
3,1,to stay behind
3,1,stay behind the
3,1,behind the lumbering
3,1,the lumbering ironclads
3,1,lumbering ironclads the
3,1,ironclads the foremost
3,1,the foremost ironclad
3,1,foremost ironclad hit
3,1,ironclad hit a
3,1,hit a torpedo
3,1,a torpedo turned
3,1,torpedo turned over
3,1,turned over and
3,1,over and sank
3,1,and sank instantly
3,1,sank instantly taking
3,1,instantly taking all
3,1,taking all hands
3,1,all hands with
3,1,hands with it
3,1,aware he was
3,1,he was on
3,1,was on the
3,1,on the edge
3,1,the edge of
3,1,edge of the
3,1,of the minefield
3,1,the minefield the
3,1,minefield the commander
3,1,the commander of
3,1,of the brooklyn
3,1,the brooklyn hung
3,1,brooklyn hung back
3,1,hung back throwing
3,1,back throwing the
3,1,throwing the whole
3,1,the whole line
3,1,whole line into
3,1,line into confusion
3,1,into confusion under
3,1,confusion under the
3,1,under the pummeling
3,1,the pummeling of
3,1,pummeling of the
3,1,of the land
3,1,the land batteries
3,1,ordered the captain
3,1,the captain of
3,1,captain of the
3,1,of the hartford
3,1,the hartford to
3,1,hartford to take
3,1,to take over
3,1,over the lead
3,1,as the hartford
3,1,the hartford passed
3,1,hartford passed the
3,1,passed the stalled
3,1,the stalled brooklyn
3,1,stalled brooklyn the
3,1,brooklyn the brooklyn's
3,1,the brooklyn's captain
3,1,brooklyn's captain warned
3,1,captain warned that
3,1,warned that they
3,1,they were running
3,1,were running into
3,1,running into a
3,1,into a nest
3,1,a nest of
3,1,nest of torpedoes
3,1,of torpedoes damn
3,1,torpedoes damn the
3,1,the torpedoes farragut
3,1,torpedoes farragut allegedly
3,1,farragut allegedly shot
3,1,allegedly shot back
3,1,full speed ahead
3,1,speed ahead by
3,1,ahead by 10:00
3,1,by 10:00 am
3,1,10:00 am the
3,1,am the us
3,1,us navy had
3,1,navy had taken
3,1,had taken mobile
3,1,taken mobile bay
3,1,mobile bay cutting
3,1,bay cutting off
3,1,cutting off all
3,1,off all confederate
3,1,all confederate contact
3,1,confederate contact with
3,1,contact with europe
3,1,was the victory
3,1,the victory the
3,1,victory the union
3,1,the union needed
3,1,union needed and
3,1,needed and others
3,1,and others followed
3,1,others followed in
3,1,followed in its
3,1,in its wake
3,1,its wake atlanta
3,1,wake atlanta fell
3,1,atlanta fell on
3,1,fell on september
3,1,on september 2
3,1,september 2 and
3,1,2 and the
3,1,and the army
3,1,the potomac began
3,1,potomac began to
3,1,began to gain
3,1,to gain ground
3,1,gain ground in
3,1,ground in virginia
3,1,finally able to
3,1,able to believe
3,1,believe that victory
3,1,that victory was
3,1,victory was near
3,1,was near voters
3,1,near voters rallied
3,1,voters rallied behind
3,1,rallied behind lincoln's
3,1,behind lincoln's determination
3,1,lincoln's determination to
3,1,determination to win
3,1,the war and
3,1,war and backed
3,1,and backed his
3,1,backed his administration
3,1,his administration in
3,1,administration in november
3,1,they gave him
3,1,gave him 55%
3,1,him 55% of
3,1,55% of the
3,1,of the popular
3,1,the popular vote
3,1,popular vote and
3,1,vote and gave
3,1,and gave the
3,1,gave the republicans
3,1,the republicans supermajorities
3,1,republicans supermajorities in
3,1,supermajorities in both
3,1,in both the
3,1,both the house
3,1,the house and
3,1,house and the
3,1,and the senate
3,1,the torpedoes indeed
3,1,share we need
3,1,we need to
3,1,need to put
3,1,to put on
3,1,put on the
3,1,the record another
3,1,record another public
3,1,another public mass
3,1,public mass shooting
3,1,mass shooting over
3,1,shooting over the
3,1,over the weekend
3,1,it happened in
3,1,happened in monterey
3,1,in monterey park
3,1,monterey park california
3,1,park california last
3,1,california last night
3,1,last night when
3,1,night when a
3,1,when a gunman
3,1,a gunman killed
3,1,gunman killed ten
3,1,killed ten people
3,1,ten people and
3,1,people and wounded
3,1,and wounded ten
3,1,wounded ten others
3,1,this morning a
3,1,morning a shooter
3,1,a shooter in
3,1,shooter in baton
3,1,in baton rouge
3,1,baton rouge louisiana
3,1,rouge louisiana injured
3,1,louisiana injured twelve
3,1,injured twelve people
3,1,twelve people in
3,1,people in what
3,1,in what appears
3,1,what appears to
3,1,to have been
3,1,have been a
3,1,been a targeted
3,1,a targeted attack
3,1,targeted attack at
3,1,attack at a
3,1,at a nightclub
3,1,a nightclub and
3,1,nightclub and this
3,1,and this afternoon
3,1,this afternoon in
3,1,afternoon in another
3,1,in another targeted
3,1,another targeted attack
3,1,targeted attack a
3,1,attack a gunman
3,1,a gunman wounded
3,1,gunman wounded eight
3,1,wounded eight people
3,1,eight people in
3,1,people in shreveport
3,1,in shreveport louisiana
3,1,this was not
3,1,was not the
3,1,not the picture
3,1,the picture i
3,1,picture i intended
3,1,i intended to
3,1,intended to post
3,1,to post tonight
3,1,post tonight but
3,1,tonight but it
3,1,it seems appropriate
3,1,photo peace by
3,1,peace by peter
3,1,by peter ralston
3,1,peter ralston share
3,1,ralston share notes
3,1,share notes peter
3,1,notes peter and
3,1,peter and terri
3,1,and terri ralston
3,1,terri ralston can
3,1,ralston can be
3,1,can be found
3,1,be found at
3,1,found at their
3,1,at their studio
3,1,their studio in
3,1,studio in rockport
3,1,in rockport maine
3,1,rockport maine or
3,1,maine or here
3,1,or here https://www.ralstongallery.com
3,1,here https://www.ralstongallery.com the
3,1,https://www.ralstongallery.com the republicans
3,1,the republicans won
3,1,republicans won a
3,1,won a narrow
3,1,a narrow majority
3,1,narrow majority in
3,1,majority in the
3,1,of representatives in
3,1,representatives in 2022
3,1,in 2022 aided
3,1,2022 aided by
3,1,aided by gerrymandering
3,1,by gerrymandering and
3,1,gerrymandering and new
3,1,and new laws
3,1,laws that made
3,1,that made it
3,1,made it harder
3,1,it harder to
3,1,harder to vote
3,1,to vote but
3,1,vote but they
3,1,but they remain
3,1,they remain unable
3,1,remain unable to
3,1,unable to come
3,1,to come together
3,1,together to elect
3,1,to elect a
3,1,elect a speaker
3,1,in three ballots
3,1,three ballots yesterday
3,1,ballots yesterday republican
3,1,yesterday republican leader
3,1,republican leader kevin
3,1,leader kevin mccarthy
3,1,mccarthy r-ca could
3,1,r-ca could not
3,1,could not muster
3,1,not muster a
3,1,muster a majority
3,1,the house to
3,1,house to back
3,1,to back him
3,1,back him as
3,1,him as a
3,1,group of 20
3,1,of 20 far
3,1,right republicans are
3,1,republicans are backing
3,1,are backing their
3,1,backing their own
3,1,their own choices
3,1,the saga continued
3,1,saga continued today
3,1,continued today with
3,1,today with three
3,1,with three more
3,1,three more ballots
3,1,more ballots mccarthy
3,1,ballots mccarthy still
3,1,mccarthy still came
3,1,still came up
3,1,came up short
3,1,in contrast the
3,1,contrast the democrats
3,1,the democrats have
3,1,democrats have consistently
3,1,have consistently given
3,1,consistently given minority
3,1,given minority leader
3,1,hakeem jeffries of
3,1,jeffries of new
3,1,of new york
3,1,new york 212
3,1,york 212 votes
3,1,212 votes more
3,1,votes more votes
3,1,more votes than
3,1,votes than mccarthy
3,1,than mccarthy received
3,1,mccarthy received but
3,1,received but not
3,1,but not a
3,1,not a majority
3,1,of the body
3,1,when former speaker
3,1,nancy pelosi nominated
3,1,pelosi nominated jeffries
3,1,nominated jeffries yesterday
3,1,jeffries yesterday she
3,1,yesterday she blew
3,1,she blew him
3,1,blew him a
3,1,a kiss and
3,1,kiss and the
3,1,and the caucus
3,1,the caucus rose
3,1,caucus rose up
3,1,rose up in
3,1,up in a
3,1,in a standing
3,1,a standing ovation
3,1,because it is
3,1,it is still
3,1,is still unorganized
3,1,still unorganized the
3,1,unorganized the house
3,1,the house technically
3,1,house technically has
3,1,technically has no
3,1,has no members
3,1,no one is
3,1,one is sworn
3,1,is sworn in
3,1,sworn in and
3,1,in and so
3,1,and so they
3,1,so they cannot
3,1,they cannot 
3,1,cannot  perform
3,1, perform their
3,1,perform their official
3,1,their official duties
3,1,official duties or
3,1,duties or hire
3,1,or hire staff
3,1,about 70 new
3,1,70 new members
3,1,new members brought
3,1,members brought their
3,1,brought their families
3,1,their families to
3,1,families to washington
3,1,to washington dc
3,1,washington dc to
3,1,dc to watch
3,1,to watch their
3,1,watch their swearing
3,1,their swearing in
3,1,swearing in and
3,1,in and the
3,1,and the extra
3,1,the extra days
3,1,extra days as
3,1,days as the
3,1,as the speakership
3,1,the speakership contest
3,1,speakership contest drags
3,1,contest drags on
3,1,drags on are
3,1,on are becoming
3,1,are becoming hard
3,1,becoming hard to
3,1,hard to manage
3,1,the chaos suggests
3,1,chaos suggests that
3,1,suggests that republican
3,1,that republican leadership
3,1,republican leadership does
3,1,leadership does not
3,1,does not have
3,1,not have the
3,1,have the skills
3,1,the skills it
3,1,skills it needs
3,1,it needs to
3,1,needs to govern
3,1,leaders often have
3,1,often have to
3,1,have to negotiate
3,1,to negotiate in
3,1,negotiate in order
3,1,order to take
3,1,to take power
3,1,take power nancy
3,1,power nancy pelosi
3,1,nancy pelosi had
3,1,pelosi had to
3,1,had to bring
3,1,to bring together
3,1,bring together a
3,1,together a number
3,1,number of factions
3,1,of factions to
3,1,factions to win
3,1,win the speakership
3,1,the speakership in
3,1,speakership in 2019
3,1,in 2019 but
3,1,2019 but since
3,1,but since 1923
3,1,since 1923 those
3,1,1923 those negotiations
3,1,those negotiations have
3,1,negotiations have been
3,1,have been completed
3,1,been completed before
3,1,completed before the
3,1,before the start
3,1,the start of
3,1,start of voting
3,1,just weeks ago
3,1,weeks ago mccarthy
3,1,ago mccarthy and
3,1,mccarthy and his
3,1,and his supporters
3,1,his supporters were
3,1,supporters were furious
3,1,were furious at
3,1,furious at senate
3,1,at senate republicans
3,1,senate republicans for
3,1,republicans for negotiating
3,1,for negotiating with
3,1,negotiating with their
3,1,with their democratic
3,1,their democratic colleagues
3,1,democratic colleagues to
3,1,colleagues to pass
3,1,pass the omnibus
3,1,the omnibus bill
3,1,omnibus bill to
3,1,bill to fund
3,1,to fund the
3,1,fund the government
3,1,the government insisting
3,1,government insisting they
3,1,insisting they could
3,1,they could do
3,1,could do a
3,1,do a better
3,1,a better job
3,1,now they can't
3,1,they can't 
3,1, even agree
3,1,even agree on
3,1,agree on a
3,1,on a speaker
3,1,thank god they
3,1,god they weren't
3,1,they weren't 
3,1,majority on january
3,1,january 6 pelosi
3,1,6 pelosi told
3,1,pelosi told reporters
3,1,told reporters because
3,1,reporters because that
3,1,was happening to
3,1,happening to save
3,1,to save our
3,1,save our democracy
3,1,our democracy to
3,1,democracy to certify
3,1,to certify the
3,1,certify the election
3,1,election of the
3,1,of the president
3,1,the president one
3,1,president one story
3,1,one story here
3,1,story here is
3,1,here is about
3,1,is about competence
3,1,josh marshall of
3,1,marshall of talking
3,1,points memo points
3,1,memo points out
3,1,points out that
3,1,out that pelosi
3,1,that pelosi ran
3,1,pelosi ran the
3,1,the house with
3,1,house with virtually
3,1,with virtually the
3,1,virtually the same
3,1,the same margin
3,1,same margin the
3,1,margin the republicans
3,1,the republicans have
3,1,republicans have now
3,1,have now and
3,1,now and yet
3,1,and yet managed
3,1,yet managed to
3,1,managed to hold
3,1,to hold her
3,1,hold her caucus
3,1,her caucus together
3,1,caucus together tightly
3,1,together tightly enough
3,1,tightly enough to
3,1,enough to pass
3,1,to pass a
3,1,pass a slate
3,1,a slate of
3,1,slate of legislation
3,1,of legislation that
3,1,legislation that rivaled
3,1,that rivaled those
3,1,rivaled those of
3,1,those of the
3,1,of the great
3,1,the great society
3,1,great society and
3,1,society and the
3,1,and the new
3,1,mccarthy can't 
3,1, even organize
3,1,even organize the
3,1,organize the house
3,1,the house leaving
3,1,house leaving the
3,1,leaving the united
3,1,united states without
3,1,states without a
3,1,without a functioning
3,1,a functioning congress
3,1,functioning congress for
3,1,congress for the
3,1,for the first
3,1,the first time
3,1,first time in
3,1,time in a
3,1,in a hundred
3,1,a hundred years
3,1,but there is
3,1,there is a
3,1,is a larger
3,1,a larger story
3,1,larger story here
3,1,story here about
3,1,here about the
3,1,about the destruction
3,1,destruction of the
3,1,of the traditional
3,1,the traditional republican
3,1,traditional republican party
3,1,republican party over
3,1,party over the
3,1,the past forty
3,1,past forty years
3,1,in those years
3,1,those years a
3,1,years a party
3,1,a party that
3,1,party that believed
3,1,that believed the
3,1,believed the government
3,1,the government had
3,1,government had a
3,1,had a role
3,1,a role to
3,1,role to play
3,1,to play in
3,1,play in leveling
3,1,in leveling the
3,1,leveling the country's
3,1,the country's 
3,1,country's  economic
3,1, economic and
3,1,economic and racial
3,1,and racial playing
3,1,racial playing fields
3,1,playing fields was
3,1,fields was captured
3,1,was captured by
3,1,captured by a
3,1,by a reactionary
3,1,a reactionary right
3,1,reactionary right wing
3,1,right wing determined
3,1,wing determined to
3,1,determined to uproot
3,1,to uproot any
3,1,uproot any such
3,1,any such government
3,1,such government action
3,1,when voters including
3,1,voters including republicans
3,1,including republicans continued
3,1,republicans continued to
3,1,continued to support
3,1,to support business
3,1,support business regulation
3,1,business regulation a
3,1,regulation a basic
3,1,safety net and
3,1,net and civil
3,1,and civil rights
3,1,civil rights laws
3,1,rights laws the
3,1,laws the logical
3,1,outcome of opposition
3,1,of opposition to
3,1,opposition to such
3,1,to such measures
3,1,such measures was
3,1,measures was war
3,1,was war on
3,1,war on the
3,1,on the government
3,1,the government itself
3,1,that war is
3,1,war is not
3,1,is not limited
3,1,not limited to
3,1,limited to the
3,1,to the 20
3,1,the 20 far
3,1,right republicans refusing
3,1,republicans refusing to
3,1,refusing to elect
3,1,to elect mccarthy
3,1,elect mccarthy speaker
3,1,pundits note that
3,1,note that those
3,1,that those 20
3,1,those 20 have
3,1,20 have supported
3,1,have supported former
3,1,supported former president
3,1,former president trump's
3,1,president trump's positions
3,1,trump's positions particularly
3,1,positions particularly the
3,1,particularly the big
3,1,big lie that
3,1,lie that the
3,1,that the 2020
3,1,2020 election was
3,1,they also worked
3,1,also worked to
3,1,worked to overturn
3,1,overturn the 2020
3,1,2020 election challenging
3,1,election challenging the
3,1,challenging the electors
3,1,the electors from
3,1,but 139 republicans
3,1,139 republicans including
3,1,republicans including mccarthy
3,1,including mccarthy himself
3,1,mccarthy himself voted
3,1,himself voted in
3,1,voted in 2021
3,1,2021 to challenge
3,1,to challenge electors
3,1,challenge electors from
3,1,of states and
3,1,states and went
3,1,and went on
3,1,went on to
3,1,on to embrace
3,1,to embrace the
3,1,embrace the big
3,1,big lie and
3,1,lie and mccarthy's
3,1,and mccarthy's staunchest
3,1,mccarthy's staunchest supporter
3,1,staunchest supporter is
3,1,supporter is extremist
3,1,is extremist marjorie
3,1,extremist marjorie taylor
3,1,marjorie taylor greene
3,1,taylor greene of
3,1,greene of georgia
3,1,and today more
3,1,today more than
3,1,more than 60
3,1,than 60 prominent
3,1,60 prominent right
3,1,prominent right wing
3,1,right wing figures
3,1,wing figures from
3,1,figures from president
3,1,from president ronald
3,1,president ronald reagan's
3,1,ronald reagan's attorney
3,1,reagan's attorney general
3,1,attorney general edwin
3,1,general edwin meese
3,1,edwin meese iii
3,1,meese iii to
3,1,iii to trump
3,1,to trump lawyers
3,1,trump lawyers cleta
3,1,lawyers cleta mitchell
3,1,cleta mitchell and
3,1,mitchell and john
3,1,and john eastman
3,1,john eastman who
3,1,eastman who were
3,1,who were both
3,1,were both instrumental
3,1,both instrumental in
3,1,instrumental in the
3,1,in the effort
3,1,effort to overturn
3,1,to overturn biden's
3,1,overturn biden's election
3,1,biden's election in
3,1,election in 2020
3,1,2020 and justice
3,1,and justice clarence
3,1,justice clarence thomas's
3,1,clarence thomas's wife
3,1,thomas's wife ginni
3,1,wife ginni thomas
3,1,ginni thomas who
3,1,thomas who also
3,1,who also participated
3,1,also participated in
3,1,participated in that
3,1,in that effort
3,1,that effort declared
3,1,effort declared themselves
3,1,declared themselves disgusted
3,1,themselves disgusted with
3,1,disgusted with the
3,1,with the business
3,1,the business as
3,1,business as usual
3,1,as usual self
3,1,usual self interested
3,1,self interested governance
3,1,interested governance in
3,1,governance in washington
3,1,in washington they
3,1,washington they declared
3,1,they declared their
3,1,declared their support
3,1,for the 20
3,1,the 20 the
3,1,20 the roots
3,1,the roots of
3,1,roots of today's
3,1,of today's 
3,1,today's  republican
3,1, republican worldview
3,1,republican worldview lie
3,1,worldview lie in
3,1,lie in the
3,1,in the reagan
3,1,the reagan revolution
3,1,reagan revolution of
3,1,revolution of 1980
3,1,reagan and his
3,1,and his allies
3,1,his allies sought
3,1,allies sought to
3,1,sought to dismantle
3,1,to dismantle the
3,1,dismantle the regulation
3,1,the regulation of
3,1,regulation of business
3,1,of business and
3,1,business and the
3,1,and the social
3,1,the social welfare
3,1,social welfare state
3,1,welfare state that
3,1,state that cost
3,1,that cost tax
3,1,tax dollars but
3,1,dollars but they
3,1,but they recognized
3,1,they recognized those
3,1,recognized those policies
3,1,those policies were
3,1,policies were popular
3,1,so they fell
3,1,they fell back
3,1,fell back on
3,1,back on an
3,1,on an old
3,1,an old reconstruction
3,1,old reconstruction era
3,1,reconstruction era trope
3,1,era trope arguing
3,1,trope arguing that
3,1,arguing that social
3,1,that social welfare
3,1,social welfare programs
3,1,welfare programs and
3,1,programs and regulation
3,1,and regulation were
3,1,regulation were a
3,1,were a form
3,1,of socialism because
3,1,socialism because they
3,1,because they cost
3,1,they cost tax
3,1,tax dollars that
3,1,dollars that were
3,1,that were paid
3,1,were paid primarily
3,1,paid primarily by
3,1,primarily by white
3,1,by white men
3,1,white men while
3,1,men while their
3,1,while their benefits
3,1,their benefits went
3,1,benefits went to
3,1,went to poor
3,1,to poor americans
3,1,poor americans primarily
3,1,americans primarily black
3,1,primarily black people
3,1,black people or
3,1,people or people
3,1,in that formula
3,1,that formula first
3,1,formula first articulated
3,1,first articulated by
3,1,articulated by former
3,1,by former confederates
3,1,former confederates after
3,1,confederates after the
3,1,civil war minority
3,1,war minority voting
3,1,minority voting was
3,1,voting was a
3,1,was a form
3,1,of socialism that
3,1,socialism that would
3,1,that would destroy
3,1,would destroy america
3,1,when reagan used
3,1,reagan used this
3,1,used this argument
3,1,this argument he
3,1,argument he emphasized
3,1,he emphasized its
3,1,emphasized its idea
3,1,its idea of
3,1,idea of economic
3,1,of economic individualism
3,1,economic individualism over
3,1,individualism over its
3,1,over its racism
3,1,its racism but
3,1,racism but that
3,1,but that racism
3,1,that racism was
3,1,racism was definitely
3,1,was definitely there
3,1,definitely there and
3,1,there and many
3,1,and many of
3,1,of his supporters
3,1,his supporters heard
3,1,supporters heard it
3,1,when he stood
3,1,he stood about
3,1,stood about seven
3,1,about seven miles
3,1,seven miles from
3,1,miles from philadelphia
3,1,from philadelphia mississippi
3,1,philadelphia mississippi where
3,1,mississippi where ku
3,1,where ku klux
3,1,klux klan members
3,1,klan members had
3,1,members had murdered
3,1,had murdered civil
3,1,murdered civil rights
3,1,civil rights workers
3,1,rights workers james
3,1,workers james chaney
3,1,james chaney andrew
3,1,chaney andrew goodman
3,1,andrew goodman and
3,1,goodman and michael
3,1,and michael schwerner
3,1,michael schwerner just
3,1,schwerner just 16
3,1,just 16 years
3,1,16 years before
3,1,years before as
3,1,before as they
3,1,as they tried
3,1,they tried to
3,1,tried to register
3,1,to register black
3,1,register black people
3,1,black people to
3,1,people to vote
3,1,to vote and
3,1,vote and said
3,1,and said i
3,1,said i believe
3,1,i believe in
3,1,believe in states
3,1,in states rights
3,1,states rights the
3,1,rights the racist
3,1,the racist wing
3,1,racist wing of
3,1,wing of the
3,1,of the old
3,1,the old democratic
3,1,old democratic party
3,1,democratic party knew
3,1,party knew what
3,1,knew what he
3,1,what he meant
3,1,he meant and
3,1,meant and voted
3,1,and voted for
3,1,voted for him
3,1,years since party
3,1,since party leaders
3,1,party leaders cut
3,1,leaders cut taxes
3,1,cut taxes and
3,1,taxes and deregulated
3,1,and deregulated business
3,1,deregulated business while
3,1,business while rallying
3,1,while rallying voters
3,1,rallying voters with
3,1,voters with warnings
3,1,with warnings that
3,1,warnings that government
3,1,that government policies
3,1,government policies that
3,1,policies that regulated
3,1,that regulated business
3,1,regulated business provided
3,1,business provided a
3,1,provided a social
3,1,a social safety
3,1,safety net or
3,1,net or protected
3,1,or protected civil
3,1,protected civil rights
3,1,civil rights were
3,1,rights were socialism
3,1,were socialism that
3,1,socialism that redistributed
3,1,that redistributed white
3,1,redistributed white tax
3,1,white tax dollars
3,1,tax dollars to
3,1,dollars to minorities
3,1,in the 1990s
3,1,the 1990s under
3,1,1990s under the
3,1,leadership of house
3,1,of house speaker
3,1,house speaker newt
3,1,speaker newt gingrich
3,1,newt gingrich chamber
3,1,gingrich chamber of
3,1,chamber of commerce
3,1,of commerce lawyer
3,1,commerce lawyer grover
3,1,lawyer grover norquist
3,1,grover norquist and
3,1,norquist and talk
3,1,and talk radio
3,1,talk radio host
3,1,radio host rush
3,1,host rush limbaugh
3,1,rush limbaugh the
3,1,limbaugh the party
3,1,the party purged
3,1,party purged from
3,1,purged from its
3,1,from its ranks
3,1,its ranks traditional
3,1,ranks traditional republicans
3,1,traditional republicans replacing
3,1,republicans replacing them
3,1,replacing them with
3,1,them with ideological
3,1,with ideological fellow
3,1,ideological fellow travelers
3,1,as their policies
3,1,their policies threatened
3,1,policies threatened to
3,1,threatened to lose
3,1,to lose voters
3,1,lose voters by
3,1,voters by concentrating
3,1,by concentrating wealth
3,1,wealth upward and
3,1,upward and hollowing
3,1,and hollowing out
3,1,hollowing out the
3,1,middle class republicans
3,1,class republicans increasingly
3,1,republicans increasingly warned
3,1,increasingly warned that
3,1,warned that minority
3,1,that minority voters
3,1,minority voters wanted
3,1,voters wanted socialism
3,1,wanted socialism and
3,1,socialism and were
3,1,and were destroying
3,1,were destroying the
3,1,destroying the nation
3,1,the nation to
3,1,nation to get
3,1,to get it
3,1,trump rode that
3,1,rode that narrative
3,1,that narrative to
3,1,narrative to power
3,1,to power and
3,1,power and now
3,1,and now tearing
3,1,now tearing down
3,1,tearing down the
3,1,down the current
3,1,the current government
3,1,current government is
3,1,government is the
3,1,is the idea
3,1,idea that drives
3,1,that drives the
3,1,drives the republican
3,1,just last night
3,1,last night in
3,1,night in his
3,1,in his apparent
3,1,his apparent realization
3,1,apparent realization that
3,1,realization that the
3,1,that the party
3,1,the party is
3,1,party is moving
3,1,is moving beyond
3,1,moving beyond him
3,1,beyond him trump
3,1,him trump launched
3,1,trump launched a
3,1,launched a new
3,1,a new attack
3,1,new attack on
3,1,attack on black
3,1,on black georgia
3,1,black georgia election
3,1,georgia election worker
3,1,election worker ruby
3,1,worker ruby freeman
3,1,ruby freeman falsely
3,1,freeman falsely accusing
3,1,falsely accusing her
3,1,accusing her once
3,1,her once again
3,1,once again of
3,1,again of delivering
3,1,of delivering suitcases
3,1,delivering suitcases of
3,1,suitcases of fraudulent
3,1,of fraudulent ballots
3,1,fraudulent ballots in
3,1,ballots in the
3,1,in the 2020
3,1,the 2020 presidential
3,1,2020 presidential election
3,1,presidential election to
3,1,election to steal
3,1,to steal victory
3,1,steal victory from
3,1,victory from him
3,1,trump said he
3,1,said he is
3,1,he is fighting
3,1,is fighting the
3,1,fighting the evils
3,1,the evils and
3,1,evils and treachery
3,1,and treachery of
3,1,treachery of the
3,1,of the radical
3,1,the radical left
3,1,radical left monsters
3,1,left monsters who
3,1,monsters who want
3,1,want to see
3,1,to see america
3,1,see america die
3,1,america die that
3,1,die that republicans
3,1,that republicans now
3,1,republicans now have
3,1,now have a
3,1,have a wing
3,1,a wing openly
3,1,wing openly determined
3,1,openly determined to
3,1,determined to destroy
3,1,destroy the federal
3,1,federal government is
3,1,government is not
3,1,not a function
3,1,a function of
3,1,function of a
3,1,of a few
3,1,a few outliers
3,1,few outliers who
3,1,outliers who have
3,1,who have wormed
3,1,have wormed their
3,1,wormed their way
3,1,their way into
3,1,way into congress
3,1,into congress it
3,1,congress it is
3,1,is the logical
3,1,outcome of this
3,1,of this worldview
3,1,lawmakers like matt
3,1,like matt gaetz
3,1,matt gaetz r-fl
3,1,gaetz r-fl and
3,1,r-fl and lauren
3,1,and lauren boebert
3,1,lauren boebert r-co
3,1,boebert r-co are
3,1,r-co are clearly
3,1,are clearly enjoying
3,1,clearly enjoying the
3,1,enjoying the power
3,1,the power they
3,1,power they are
3,1,they are currently
3,1,are currently wielding
3,1,currently wielding but
3,1,wielding but their
3,1,but their larger
3,1,their larger project
3,1,larger project is
3,1,project is the
3,1,is the one
3,1,the one the
3,1,one the party
3,1,party has advertised
3,1,has advertised since
3,1,advertised since they
3,1,since they were
3,1,they were children
3,1,were children stopping
3,1,children stopping the
3,1,stopping the government
3,1,the government from
3,1,government from any
3,1,from any of
3,1,any of the
3,1,of the actions
3,1,the actions it
3,1,actions it has
3,1,it has called
3,1,has called marxist
3,1,called marxist or
3,1,marxist or socialist
3,1,or socialist burning
3,1,socialist burning it
3,1,burning it all
3,1,it all down
3,1,all down to
3,1,down to make
3,1,to make white
3,1,make white americans
3,1,white americans free
3,1,destruction doesn't 
3,1,doesn't  take
3,1, take skill
3,1,take skill at
3,1,skill at governance
3,1,at governance it
3,1,governance it only
3,1,it only requires
3,1,only requires obstruction
3,1,the 20 are
3,1,20 are good
3,1,are good at
3,1,good at that
3,1,but a new
3,1,a new era
3,1,new era is
3,1,era is pushing
3,1,is pushing the
3,1,pushing the reagan
3,1,the reagan era
3,1,reagan era aside
3,1,plenty of republicans
3,1,of republicans who
3,1,want to deregulate
3,1,to deregulate business
3,1,deregulate business and
3,1,business and cut
3,1,and cut taxes
3,1,cut taxes recognize
3,1,taxes recognize that
3,1,recognize that it
3,1,it is our
3,1,is our democratic
3,1,our democratic government
3,1,democratic government and
3,1,government and the
3,1,and the rule
3,1,the rule of
3,1,rule of law
3,1,of law that
3,1,law that protects
3,1,that protects their
3,1,protects their investments
3,1,their investments and
3,1,investments and that
3,1,and that maintaining
3,1,that maintaining the
3,1,maintaining the government
3,1,the government will
3,1,government will take
3,1,will take basic
3,1,take basic laws
3,1,basic laws and
3,1,laws and the
3,1,and the skills
3,1,the skills to
3,1,skills to negotiate
3,1,to negotiate and
3,1,negotiate and pass
3,1,and pass them
3,1,same time after
3,1,time after two
3,1,after two years
3,1,two years of
3,1,years of democratic
3,1,of democratic control
3,1,democratic control americans
3,1,control americans have
3,1,americans have seen
3,1,have seen that
3,1,seen that government
3,1,that government can
3,1,government can work
3,1,can work for
3,1,work for them
3,1,for them and
3,1,them and they
3,1,and they appear
3,1,they appear to
3,1,appear to like
3,1,to like the
3,1,like the new
3,1,the new laws
3,1,laws that have
3,1,that have created
3,1,have created jobs
3,1,created jobs including
3,1,jobs including in
3,1,including in manufacturing
3,1,in manufacturing and
3,1,manufacturing and invested
3,1,and invested in
3,1,invested in social
3,1,in social services
3,1,social services and
3,1,services and are
3,1,and are rebuilding
3,1,are rebuilding infrastructure
3,1,want to get
3,1,to get reelected
3,1,get reelected are
3,1,reelected are moving
3,1,are moving away
3,1,moving away from
3,1,from the extremists
3,1,the extremists to
3,1,extremists to take
3,1,to take credit
3,1,take credit for
3,1,credit for the
3,1,for the laws
3,1,the laws passed
3,1,laws passed under
3,1,passed under the
3,1,under the democrats
3,1,just today senate
3,1,today senate minority
3,1,senate minority leader
3,1,minority leader mitch
3,1,leader mitch mcconnell
3,1,mitch mcconnell of
3,1,mcconnell of kentucky
3,1,of kentucky ohio
3,1,kentucky ohio governor
3,1,ohio governor mike
3,1,governor mike dewine
3,1,mike dewine and
3,1,dewine and former
3,1,and former ohio
3,1,former ohio senator
3,1,ohio senator rob
3,1,senator rob portman
3,1,rob portman all
3,1,portman all republicans
3,1,all republicans joined
3,1,republicans joined president
3,1,joined president joe
3,1,joe biden democratic
3,1,biden democratic governor
3,1,democratic governor of
3,1,governor of kentucky
3,1,of kentucky andy
3,1,kentucky andy beshear
3,1,andy beshear and
3,1,beshear and democratic
3,1,and democratic ohio
3,1,democratic ohio senator
3,1,ohio senator sherrod
3,1,senator sherrod brown
3,1,sherrod brown in
3,1,brown in covington
3,1,in covington kentucky
3,1,covington kentucky to
3,1,kentucky to visit
3,1,to visit the
3,1,visit the brent
3,1,the brent spence
3,1,brent spence bridge
3,1,spence bridge between
3,1,bridge between covington
3,1,between covington and
3,1,covington and cincinnati
3,1,and cincinnati ohio
3,1,the bridge is
3,1,bridge is on
3,1,is on one
3,1,on one of
3,1,of the country's
3,1,the country's busiest
3,1,country's busiest freight
3,1,busiest freight corridors
3,1,freight corridors and
3,1,corridors and is
3,1,and is being
3,1,is being rebuilt
3,1,being rebuilt with
3,1,rebuilt with money
3,1,with money from
3,1,money from the
3,1,from the bipartisan
3,1,the bipartisan infrastructure
3,1,bipartisan infrastructure law
3,1,infrastructure law passed
3,1,law passed in
3,1,passed in 2021
3,1,in ohio yesterday
3,1,ohio yesterday jason
3,1,yesterday jason stephens
3,1,jason stephens a
3,1,stephens a republican
3,1,a republican promising
3,1,republican promising to
3,1,promising to stop
3,1,to stop far
3,1,stop far right
3,1,far right policies
3,1,right policies joined
3,1,policies joined with
3,1,joined with democrats
3,1,with democrats to
3,1,democrats to snatch
3,1,to snatch the
3,1,snatch the speaker's
3,1,the speaker's chair
3,1,speaker's chair from
3,1,chair from a
3,1,from a far
3,1,a far right
3,1,far right republican
3,1,right republican who
3,1,republican who focused
3,1,who focused on
3,1,focused on religion
3,1,on religion and
3,1,religion and opposing
3,1,and opposing abortion
3,1,opposing abortion rights
3,1,abortion rights and
3,1,rights and who
3,1,and who believed
3,1,who believed he
3,1,believed he had
3,1,he had sewn
3,1,had sewn up
3,1,sewn up the
3,1,up the necessary
3,1,the necessary votes
3,1,necessary votes in
3,1,votes in his
3,1,in his party
3,1,a democratic state
3,1,democratic state representative
3,1,state representative told
3,1,representative told morgan
3,1,told morgan trau
3,1,morgan trau of
3,1,trau of abc
3,1,of abc news
3,1,"abc news ,"
3,1,"news , speaker"
3,1,", speaker stephens"
3,1,speaker stephens led
3,1,stephens led a
3,1,led a coalition
3,1,a coalition of
3,1,coalition of moderate
3,1,of moderate lawmakers
3,1,moderate lawmakers from
3,1,lawmakers from across
3,1,from across the
3,1,across the aisle
3,1,the aisle who
3,1,aisle who will
3,1,who will now
3,1,will now focus
3,1,now focus on
3,1,focus on delivering
3,1,on delivering the
3,1,delivering the common
3,1,the common sense
3,1,common sense solutions
3,1,sense solutions that
3,1,solutions that ohioans
3,1,that ohioans sent
3,1,ohioans sent us
3,1,sent us here
3,1,us here to
3,1,here to deliver
3,1,to deliver now
3,1,deliver now we
3,1,now we can
3,1,we can work
3,1,can work on
3,1,work on investing
3,1,on investing in
3,1,investing in our
3,1,in our communities
3,1,our communities on
3,1,communities on public
3,1,on public education
3,1,public education and
3,1,education and workforce
3,1,and workforce development
3,1,workforce development notes
3,1,development notes josh
3,1,notes josh marshall
3,1,josh marshall @joshtpm
3,1,marshall @joshtpm worth
3,1,@joshtpm worth remembering
3,1,worth remembering nancy
3,1,remembering nancy pelosi
3,1,nancy pelosi just
3,1,pelosi just ran
3,1,just ran the
3,1,the house for
3,1,house for two
3,1,two years with
3,1,years with the
3,1,with the exact
3,1,the exact same
3,1,exact same margin
3,1,she not only
3,1,not only easily
3,1,only easily commanded
3,1,easily commanded the
3,1,commanded the speakership
3,1,the speakership but
3,1,speakership but passed
3,1,but passed a
3,1,passed a lot
3,1,a lot of
3,1,lot of legislation
3,1,part of this
3,1,of this is
3,1,this is that
3,1,is that the
3,1,that the dems
3,1,the dems are
3,1,dems are not
3,1,not the gop
3,1,the radicalism and
3,1,radicalism and propensity
3,1,and propensity for
3,1,propensity for parliamentary
3,1,for parliamentary 5:44
3,1,parliamentary 5:44 pm
3,1,5:44 pm ∙
3,1,3 2023 9946
3,1,2023 9946 likes
3,1,9946 likes 1562
3,1,likes 1562 retweets
3,1,1562 retweets https://www.vox.com/2021/1/6/22218058/republicans-objections-election-results
3,1,retweets https://www.vox.com/2021/1/6/22218058/republicans-objections-election-results https://www.nytimes.com/interactive/2021/01/07/us/elections/electoral-college-biden-objectors.html
3,1,https://www.vox.com/2021/1/6/22218058/republicans-objections-election-results https://www.nytimes.com/interactive/2021/01/07/us/elections/electoral-college-biden-objectors.html https://www.cnbc.com/2019/01/02/nancy-pelosi-voted-house-speaker-as-democrats-take-majority.html
3,1,https://www.nytimes.com/interactive/2021/01/07/us/elections/electoral-college-biden-objectors.html https://www.cnbc.com/2019/01/02/nancy-pelosi-voted-house-speaker-as-democrats-take-majority.html https://www.bostonglobe.com/2023/01/04/nation/there-isnt-any-house-speaker-drama-ripples-throughout-basic-congressional-function
3,1,https://www.cnbc.com/2019/01/02/nancy-pelosi-voted-house-speaker-as-democrats-take-majority.html https://www.bostonglobe.com/2023/01/04/nation/there-isnt-any-house-speaker-drama-ripples-throughout-basic-congressional-function lalee
3,1,https://www.bostonglobe.com/2023/01/04/nation/there-isnt-any-house-speaker-drama-ripples-throughout-basic-congressional-function lalee ibssa
3,1,lalee ibssa @laleeibssa
3,1,ibssa @laleeibssa none
3,1,@laleeibssa none of
3,1,none of us
3,1,of us has
3,1,us has seen
3,1,has seen anything
3,1,seen anything like
3,1,anything like this
3,1,like this disrespect
3,1,this disrespect for
3,1,disrespect for the
3,1,for the institution
3,1,the institution in
3,1,institution in a
3,1,in a most
3,1,a most cavalier
3,1,most cavalier frivolous
3,1,cavalier frivolous way
3,1,it's  quite
3,1, quite sad
3,1,quite sad pelosi
3,1,sad pelosi said
3,1,but let's 
3,1,let's  be
3,1, be hopeful
3,1,be hopeful that
3,1,hopeful that in
3,1,in the next
3,1,next day or
3,1,day or so
3,1,or so as
3,1,so as they
3,1,as they find
3,1,they find their
3,1,find their purpose
3,1,their purpose and
3,1,purpose and their
3,1,and their unity
3,1,their unity they
3,1,unity they understand
3,1,they understand why
3,1,understand why they
3,1,why they are
3,1,they are here
3,1,are here 2:35
3,1,here 2:35 am
3,1,2:35 am ∙
3,1,am ∙ jan
3,1,∙ jan 5
3,1,jan 5 2023
3,1,5 2023 10891
3,1,2023 10891 likes
3,1,10891 likes 1953
3,1,likes 1953 retweets
3,1,1953 retweets abc
3,1,retweets abc news
3,1,abc news @abc
3,1,news @abc amid
3,1,@abc amid multiple
3,1,amid multiple failed
3,1,multiple failed house
3,1,failed house speaker
3,1,house speaker votes
3,1,speaker votes former
3,1,votes former speaker
3,1,nancy pelosi says
3,1,pelosi says thank
3,1,says thank god
3,1,thank god republicans
3,1,god republicans weren't
3,1,republicans weren't 
3,1,majority on jan
3,1,on jan 6
3,1,jan 6 because
3,1,6 because that
3,1,was happening abcn.ws/3geafat
3,1,happening abcn.ws/3geafat 4:47
3,1,abcn.ws/3geafat 4:47 pm
3,1,4:47 pm ∙
3,1,∙ jan 4
3,1,jan 4 2023
3,1,4 2023 10464
3,1,2023 10464 likes
3,1,10464 likes 2264
3,1,likes 2264 retweets
3,1,2264 retweets https://www.dallasnews.com/news/politics/2023/01/03/razor-thin-gop-majority-in-congress-rests-on-4-extra-seats-from-texas-gerrymander
3,1,retweets https://www.dallasnews.com/news/politics/2023/01/03/razor-thin-gop-majority-in-congress-rests-on-4-extra-seats-from-texas-gerrymander the
3,1,https://www.dallasnews.com/news/politics/2023/01/03/razor-thin-gop-majority-in-congress-rests-on-4-extra-seats-from-texas-gerrymander the tennessee
3,1,the tennessee holler
3,1,tennessee holler @thetnholler
3,1,holler @thetnholler pelosi
3,1,@thetnholler pelosi happily
3,1,pelosi happily the
3,1,happily the honorable
3,1,the honorable hakeem
3,1,honorable hakeem jeffries
3,1,pelosi graciously votes
3,1,graciously votes for
3,1,votes for jeffries
3,1,for jeffries for
3,1,jeffries for speaker
3,1,for speaker and
3,1,speaker and blows
3,1,and blows him
3,1,blows him a
3,1,a kiss gets
3,1,kiss gets an
3,1,gets an ovation
3,1,a peaceful transfer
3,1,peaceful transfer of
3,1,transfer of power
3,1,of power that
3,1,power that must
3,1,that must look
3,1,must look very
3,1,look very foreign
3,1,very foreign to
3,1,foreign to the
3,1,to the gop
3,1,6:32 pm ∙
3,1,3 2023 14142
3,1,2023 14142 likes
3,1,14142 likes 2461
3,1,likes 2461 retweets
3,1,2461 retweets https://www.msnbc.com/rachel-maddow-show/maddowblog/trumps-offensive-ruby-freeman-reaches-ugly-new-level-rcna64038
3,1,retweets https://www.msnbc.com/rachel-maddow-show/maddowblog/trumps-offensive-ruby-freeman-reaches-ugly-new-level-rcna64038 https://www.cnn.com/2023/01/04/politics/biden-kentucky-infrastructure-wednesday/index.html
3,1,https://www.msnbc.com/rachel-maddow-show/maddowblog/trumps-offensive-ruby-freeman-reaches-ugly-new-level-rcna64038 https://www.cnn.com/2023/01/04/politics/biden-kentucky-infrastructure-wednesday/index.html https://conservativeactionproject.com/conservatives-call-for-new-house-leadership
3,1,https://www.cnn.com/2023/01/04/politics/biden-kentucky-infrastructure-wednesday/index.html https://conservativeactionproject.com/conservatives-call-for-new-house-leadership https://www.news5cleveland.com/news/politics/ohio-politics/moderate-republican-jason-stephens-snatches-ohio-house-speaker-position-in-surprise-upset
3,1,https://conservativeactionproject.com/conservatives-call-for-new-house-leadership https://www.news5cleveland.com/news/politics/ohio-politics/moderate-republican-jason-stephens-snatches-ohio-house-speaker-position-in-surprise-upset share
3,1,https://www.news5cleveland.com/news/politics/ohio-politics/moderate-republican-jason-stephens-snatches-ohio-house-speaker-position-in-surprise-upset share russian
3,1,share russian president
3,1,president vladimir putin's
3,1,vladimir putin's decision
3,1,putin's decision not
3,1,decision not to
3,1,not to attend
3,1,attend the brics
3,1,the brics summit
3,1,brics summit in
3,1,summit in johannesburg
3,1,in johannesburg south
3,1,johannesburg south africa
3,1,south africa illustrates
3,1,africa illustrates how
3,1,illustrates how fully
3,1,how fully his
3,1,fully his 2022
3,1,his 2022 invasion
3,1,2022 invasion of
3,1,invasion of ukraine
3,1,of ukraine has
3,1,ukraine has made
3,1,has made him
3,1,made him an
3,1,him an international
3,1,an international pariah
3,1,brics is an
3,1,is an organization
3,1,an organization made
3,1,organization made up
3,1,up of brazil
3,1,of brazil russia
3,1,brazil russia india
3,1,russia india china
3,1,india china and
3,1,china and south
3,1,and south africa
3,1,south africa all
3,1,africa all considered
3,1,all considered fast
3,1,considered fast growing
3,1,fast growing economies
3,1,growing economies that
3,1,economies that would
3,1,that would dominate
3,1,dominate the global
3,1,global economy by
3,1,economy by 2050
3,1,by 2050 at
3,1,2050 at the
3,1,the time it
3,1,time it began
3,1,it began to
3,1,began to organize
3,1,to organize in
3,1,organize in 2006
3,1,a lot has
3,1,lot has changed
3,1,has changed since
3,1,changed since then
3,1,because the international
3,1,the international criminal
3,1,international criminal court
3,1,criminal court icc
3,1,court icc has
3,1,icc has issued
3,1,has issued an
3,1,issued an arrest
3,1,an arrest warrant
3,1,arrest warrant for
3,1,warrant for putin
3,1,for putin for
3,1,putin for war
3,1,for war crimes
3,1,war crimes specifically
3,1,crimes specifically his
3,1,specifically his regime's
3,1,his regime's deportation
3,1,regime's deportation of
3,1,deportation of ukrainian
3,1,of ukrainian children
3,1,ukrainian children to
3,1,children to russia
3,1,to russia he
3,1,russia he was
3,1,he was at
3,1,was at risk
3,1,at risk of
3,1,risk of arrest
3,1,of arrest and
3,1,arrest and extradition
3,1,and extradition if
3,1,extradition if he
3,1,if he went
3,1,he went to
3,1,went to south
3,1,to south africa
3,1,although that country
3,1,that country has
3,1,country has maintained
3,1,has maintained neutrality
3,1,maintained neutrality in
3,1,neutrality in the
3,1,the war it
3,1,war it signed
3,1,it signed on
3,1,signed on to
3,1,on to the
3,1,to the treaty
3,1,the treaty governing
3,1,treaty governing the
3,1,governing the icc
3,1,the icc and
3,1,icc and thus
3,1,and thus has
3,1,thus has an
3,1,has an obligation
3,1,an obligation to
3,1,obligation to arrest
3,1,to arrest and
3,1,arrest and surrender
3,1,and surrender those
3,1,surrender those under
3,1,those under indictment
3,1,under indictment by
3,1,indictment by the
3,1,by the icc
3,1,after much speculation
3,1,much speculation about
3,1,speculation about whether
3,1,about whether he
3,1,whether he would
3,1,he would attend
3,1,would attend the
3,1,the summit while
3,1,summit while he
3,1,while he pressured
3,1,he pressured south
3,1,pressured south african
3,1,south african president
3,1,african president cyril
3,1,president cyril ramaphosa
3,1,cyril ramaphosa to
3,1,ramaphosa to agree
3,1,to agree not
3,1,agree not to
3,1,not to arrest
3,1,to arrest him
3,1,arrest him yesterday
3,1,him yesterday putin
3,1,yesterday putin announced
3,1,announced that by
3,1,that by mutual
3,1,by mutual agreement
3,1,mutual agreement with
3,1,agreement with ramaphosa
3,1,with ramaphosa he
3,1,ramaphosa he will
3,1,he will not
3,1,will not attend
3,1,not attend and
3,1,attend and russian
3,1,and russian foreign
3,1,russian foreign minister
3,1,foreign minister sergey
3,1,minister sergey lavrov
3,1,sergey lavrov will
3,1,lavrov will go
3,1,will go in
3,1,go in his
3,1,in his place
3,1,alexandra sharp of
3,1,sharp of foreign
3,1,of foreign policy
3,1,foreign policy noted
3,1,policy noted that
3,1,noted that his
3,1,that his inability
3,1,his inability to
3,1,inability to attend
3,1,the summit shows
3,1,summit shows how
3,1,shows how his
3,1,how his position
3,1,his position as
3,1,position as an
3,1,as an accused
3,1,an accused war
3,1,accused war criminal
3,1,war criminal has
3,1,criminal has isolated
3,1,has isolated putin
3,1,isolated putin and
3,1,putin and highlights
3,1,and highlights just
3,1,highlights just how
3,1,just how much
3,1,how much the
3,1,much the russian
3,1,the russian leader's
3,1,russian leader's 
3,1,leader's  global
3,1, global standing
3,1,global standing has
3,1,standing has changed
3,1,has changed thanks
3,1,changed thanks to
3,1,thanks to his
3,1,to his war
3,1,his war on
3,1,war on ukraine
3,1,on ukraine also
3,1,ukraine also yesterday
3,1,also yesterday the
3,1,yesterday the us
3,1,the us department
3,1,us department of
3,1,department of defense
3,1,of defense announced
3,1,defense announced another
3,1,announced another security
3,1,another security assistance
3,1,security assistance package
3,1,assistance package for
3,1,package for ukraine
3,1,for ukraine worth
3,1,ukraine worth $1.3
3,1,worth $1.3 billion
3,1,$1.3 billion and
3,1,billion and including
3,1,and including surface
3,1,including surface to
3,1,surface to air
3,1,to air missile
3,1,air missile systems
3,1,missile systems mine
3,1,systems mine clearing
3,1,mine clearing equipment
3,1,clearing equipment fuel
3,1,equipment fuel trucks
3,1,fuel trucks and
3,1,trucks and tactical
3,1,and tactical vehicles
3,1,tactical vehicles to
3,1,vehicles to tow
3,1,to tow haul
3,1,tow haul and
3,1,haul and recover
3,1,and recover equipment
3,1,that materiel will
3,1,materiel will take
3,1,will take time
3,1,take time to
3,1,time to provide
3,1,to provide but
3,1,provide but much
3,1,but much of
3,1,much of it
3,1,of it signals
3,1,it signals an
3,1,signals an army
3,1,an army retaking
3,1,army retaking territory
3,1,as if to
3,1,if to demonstrate
3,1,to demonstrate what
3,1,demonstrate what power
3,1,what power he
3,1,power he has
3,1,he has left
3,1,has left putin's
3,1,left putin's forces
3,1,putin's forces attacked
3,1,forces attacked the
3,1,attacked the key
3,1,the key ukrainian
3,1,key ukrainian shipping
3,1,ukrainian shipping ports
3,1,shipping ports of
3,1,ports of mykolaiv
3,1,of mykolaiv and
3,1,mykolaiv and odesa
3,1,and odesa destroying
3,1,odesa destroying 60000
3,1,destroying 60000 tons
3,1,60000 tons of
3,1,of grain that
3,1,grain that ukraine
3,1,that ukraine president
3,1,volodymyr zelensky said
3,1,zelensky said was
3,1,said was destined
3,1,was destined for
3,1,destined for africa
3,1,for africa and
3,1,africa and asia
3,1,and asia including
3,1,asia including china
3,1,then putin announced
3,1,announced that he
3,1,he was ending
3,1,was ending russian
3,1,ending russian participation
3,1,russian participation in
3,1,participation in the
3,1,in the black
3,1,sea grain initiative
3,1,grain initiative as
3,1,initiative as of
3,1,as of july
3,1,of july 20
3,1,july 20 and
3,1,20 and would
3,1,and would consider
3,1,would consider any
3,1,consider any ships
3,1,any ships that
3,1,ships that sailed
3,1,that sailed to
3,1,sailed to or
3,1,to or from
3,1,or from ukraine's
3,1,from ukraine's ports
3,1,ukraine's ports on
3,1,ports on the
3,1,black sea a
3,1,sea a hostile
3,1,a hostile military
3,1,hostile military transport
3,1,military transport putin's
3,1,transport putin's declaration
3,1,putin's declaration that
3,1,declaration that he
3,1,that he might
3,1,he might target
3,1,might target the
3,1,target the civilian
3,1,the civilian ships
3,1,civilian ships of
3,1,ships of foreign
3,1,of foreign powers
3,1,foreign powers threatened
3,1,powers threatened to
3,1,threatened to escalate
3,1,to escalate the
3,1,escalate the war
3,1,the war but
3,1,war but he
3,1,but he quickly
3,1,he quickly backed
3,1,quickly backed down
3,1,backed down on
3,1,down on that
3,1,on that threat
3,1,that threat today
3,1,threat today russia's
3,1,today russia's ambassador
3,1,russia's ambassador to
3,1,ambassador to the
3,1,the us said
3,1,us said russia
3,1,said russia is
3,1,russia is not
3,1,is not preparing
3,1,not preparing to
3,1,preparing to attack
3,1,to attack civilian
3,1,attack civilian ships
3,1,sea grain deal
3,1,grain deal which
3,1,deal which facilitates
3,1,which facilitates the
3,1,facilitates the export
3,1,the export of
3,1,export of ukrainian
3,1,of ukrainian grain
3,1,ukrainian grain to
3,1,grain to the
3,1,the world market
3,1,world market so
3,1,market so long
3,1,long as the
3,1,the ships travel
3,1,ships travel in
3,1,travel in certain
3,1,in certain channels
3,1,certain channels already
3,1,channels already gave
3,1,already gave russia
3,1,gave russia more
3,1,russia more influence
3,1,more influence over
3,1,influence over international
3,1,over international shipping
3,1,international shipping than
3,1,shipping than its
3,1,than its 10%
3,1,its 10% of
3,1,10% of the
3,1,of the black
3,1,black sea coastline
3,1,sea coastline warranted
3,1,and to maintain
3,1,to maintain that
3,1,maintain that control
3,1,that control russia
3,1,control russia planted
3,1,russia planted sea
3,1,planted sea mines
3,1,sea mines in
3,1,mines in the
3,1,in the waters
3,1,the waters around
3,1,waters around ukrainian
3,1,around ukrainian ports
3,1,ukrainian ports outside
3,1,ports outside the
3,1,outside the safe
3,1,the safe channels
3,1,now the white
3,1,white house has
3,1,house has warned
3,1,has warned that
3,1,warned that us
3,1,that us officials
3,1,us officials have
3,1,officials have information
3,1,have information that
3,1,information that russia
3,1,that russia has
3,1,russia has added
3,1,has added more
3,1,added more mines
3,1,more mines in
3,1,mines in those
3,1,in those waters
3,1,those waters with
3,1,waters with the
3,1,with the intention
3,1,the intention of
3,1,intention of blaming
3,1,of blaming ukraine
3,1,blaming ukraine if
3,1,ukraine if those
3,1,if those mines
3,1,those mines cause
3,1,mines cause damage
3,1,cause damage to
3,1,damage to foreign
3,1,to foreign ships
3,1,there are at
3,1,are at least
3,1,at least three
3,1,least three key
3,1,three key aspects
3,1,key aspects of
3,1,aspects of this
3,1,of this announcement
3,1,first putin is
3,1,putin is threatening
3,1,is threatening vulnerable
3,1,threatening vulnerable countries
3,1,vulnerable countries with
3,1,countries with starvation
3,1,with starvation and
3,1,starvation and trying
3,1,and trying to
3,1,trying to jack
3,1,to jack up
3,1,jack up grain
3,1,up grain prices
3,1,grain prices around
3,1,prices around the
3,1,around the world
3,1,the world which
3,1,world which will
3,1,which will hit
3,1,will hit all
3,1,hit all countries
3,1,all countries but
3,1,countries but primarily
3,1,but primarily poorer
3,1,primarily poorer ones
3,1,the united kingdom's
3,1,united kingdom's permanent
3,1,kingdom's permanent representative
3,1,permanent representative to
3,1,representative to the
3,1,united nations ambassador
3,1,nations ambassador barbara
3,1,ambassador barbara woodward
3,1,barbara woodward pointed
3,1,woodward pointed out
3,1,pointed out that
3,1,out that 33
3,1,that 33 million
3,1,33 million tons
3,1,million tons of
3,1,of grain have
3,1,grain have been
3,1,have been exported
3,1,been exported under
3,1,exported under the
3,1,under the grain
3,1,the grain deal
3,1,grain deal and
3,1,deal and that
3,1,that the primary
3,1,the primary beneficiaries
3,1,primary beneficiaries have
3,1,beneficiaries have been
3,1,have been ethiopia
3,1,been ethiopia yemen
3,1,ethiopia yemen afghanistan
3,1,yemen afghanistan turkey
3,1,afghanistan turkey sudan
3,1,turkey sudan kenya
3,1,sudan kenya and
3,1,kenya and somalia
3,1,second he was
3,1,he was daring
3,1,was daring the
3,1,daring the other
3,1,the other countries
3,1,other countries on
3,1,countries on the
3,1,black sea three
3,1,sea three of
3,1,three of which
3,1,of which belong
3,1,which belong to
3,1,belong to the
3,1,to the north
3,1,organization nato to
3,1,nato to call
3,1,to call his
3,1,call his bluff
3,1,third he is
3,1,he is trying
3,1,trying to destroy
3,1,to destroy ukrainian
3,1,destroy ukrainian shipping
3,1,ukrainian shipping infrastructure
3,1,shipping infrastructure to
3,1,infrastructure to hamstring
3,1,to hamstring its
3,1,hamstring its post
3,1,its post war
3,1,post war future
3,1,odesa is a
3,1,is a historic
3,1,a historic and
3,1,historic and fabled
3,1,and fabled city
3,1,fabled city it
3,1,city it is
3,1,also the key
3,1,the key to
3,1,key to shipping
3,1,to shipping grain
3,1,shipping grain out
3,1,grain out of
3,1,out of ukraine
3,1,capturing it with
3,1,it with its
3,1,with its symbolic
3,1,its symbolic and
3,1,symbolic and practical
3,1,and practical value
3,1,practical value was
3,1,value was likely
3,1,was likely putin's
3,1,likely putin's primary
3,1,putin's primary goal
3,1,primary goal in
3,1,goal in the
3,1,in the first
3,1,the first place
3,1,willingness to destroy
3,1,destroy the city
3,1,the city seems
3,1,city seems to
3,1,seems to indicate
3,1,indicate that he
3,1,that he has
3,1,he has given
3,1,has given up
3,1,given up on
3,1,up on claiming
3,1,on claiming it
3,1,in response ukrainian
3,1,response ukrainian forces
3,1,ukrainian forces began
3,1,forces began to
3,1,began to use
3,1,use the so
3,1,so called cluster
3,1,called cluster munitions
3,1,cluster munitions the
3,1,munitions the us
3,1,the us provided
3,1,us provided earlier
3,1,provided earlier this
3,1,earlier this month
3,1,this month firing
3,1,month firing the
3,1,firing the weapons
3,1,the weapons at
3,1,weapons at the
3,1,at the russian
3,1,the russian troops
3,1,russian troops in
3,1,troops in ukraine
3,1,cluster munitions explode
3,1,munitions explode over
3,1,explode over a
3,1,over a target
3,1,a target blanketing
3,1,target blanketing a
3,1,blanketing a large
3,1,a large area
3,1,large area with
3,1,area with deadly
3,1,with deadly smaller
3,1,deadly smaller munitions
3,1,they are banned
3,1,are banned in
3,1,banned in more
3,1,in more than
3,1,more than 120
3,1,than 120 countries
3,1,120 countries because
3,1,countries because those
3,1,because those smaller
3,1,those smaller munitions
3,1,smaller munitions often
3,1,munitions often hit
3,1,often hit the
3,1,hit the ground
3,1,the ground unexploded
3,1,ground unexploded and
3,1,unexploded and lie
3,1,and lie there
3,1,lie there until
3,1,there until civilians
3,1,until civilians run
3,1,civilians run across
3,1,run across them
3,1,across them with
3,1,them with deadly
3,1,with deadly results
3,1,ukraine russia and
3,1,russia and the
3,1,the us have
3,1,us have not
3,1,have not banned
3,1,not banned the
3,1,banned the weapons
3,1,the weapons and
3,1,weapons and ukraine
3,1,and ukraine asked
3,1,ukraine asked the
3,1,asked the us
3,1,the us to
3,1,us to provide
3,1,to provide them
3,1,provide them for
3,1,them for use
3,1,for use within
3,1,use within ukraine
3,1,within ukraine against
3,1,ukraine against russian
3,1,against russian troops
3,1,biden did so
3,1,did so after
3,1,so after months
3,1,after months of
3,1,months of debate
3,1,of debate within
3,1,debate within the
3,1,within the white
3,1,white house and
3,1,house and strong
3,1,and strong disagreement
3,1,strong disagreement from
3,1,disagreement from those
3,1,from those who
3,1,those who want
3,1,who want the
3,1,want the weapons
3,1,the weapons banned
3,1,weapons banned altogether
3,1,president biden eventually
3,1,biden eventually decided
3,1,eventually decided to
3,1,decided to send
3,1,to send the
3,1,send the cluster
3,1,the cluster munitions
3,1,cluster munitions apparently
3,1,munitions apparently in
3,1,apparently in part
3,1,part because the
3,1,because the areas
3,1,the areas of
3,1,areas of ukraine
3,1,of ukraine where
3,1,ukraine where they
3,1,where they would
3,1,they would be
3,1,would be deployed
3,1,be deployed are
3,1,deployed are already
3,1,are already uninhabitable
3,1,already uninhabitable because
3,1,uninhabitable because of
3,1,because of russian
3,1,of russian mines
3,1,russian mines and
3,1,mines and in
3,1,and in part
3,1,part because ukrainians
3,1,because ukrainians themselves
3,1,ukrainians themselves requested
3,1,themselves requested the
3,1,requested the weapons
3,1,the weapons to
3,1,weapons to throw
3,1,to throw out
3,1,throw out the
3,1,out the russian
3,1,the russian invaders
3,1,russian invaders who
3,1,invaders who have
3,1,who have been
3,1,have been using
3,1,been using cluster
3,1,using cluster munitions
3,1,cluster munitions against
3,1,munitions against ukrainian
3,1,against ukrainian civilians
3,1,of course it's
3,1,course it's 
3,1,it's  a
3,1, a tragedy
3,1,a tragedy but
3,1,tragedy but everything
3,1,but everything right
3,1,everything right now
3,1,right now is
3,1,now is a
3,1,is a tragedy
3,1,a tragedy former
3,1,tragedy former defense
3,1,former defense minister
3,1,defense minister of
3,1,minister of ukraine
3,1,of ukraine andriy
3,1,ukraine andriy zagorodnyuk
3,1,andriy zagorodnyuk told
3,1,zagorodnyuk told josh
3,1,told josh kovensky
3,1,josh kovensky of
3,1,kovensky of talking
3,1,points memo about
3,1,memo about using
3,1,about using the
3,1,using the munitions
3,1,so the question
3,1,the question is
3,1,question is how
3,1,is how to
3,1,how to end
3,1,to end the
3,1,end the tragedy
3,1,the tragedy and
3,1,tragedy and unfortunately
3,1,and unfortunately the
3,1,unfortunately the only
3,1,the only way
3,1,only way so
3,1,way so far
3,1,so far to
3,1,far to get
3,1,to get peace
3,1,get peace is
3,1,peace is to
3,1,is to win
3,1,win the peace
3,1,the peace the
3,1,peace the us
3,1,the us treasury
3,1,us treasury and
3,1,treasury and the
3,1,the us state
3,1,us state department
3,1,state department today
3,1,department today announced
3,1,today announced additional
3,1,announced additional sanctions
3,1,additional sanctions on
3,1,sanctions on companies
3,1,on companies that
3,1,companies that have
3,1,that have given
3,1,have given russia
3,1,given russia access
3,1,russia access to
3,1,access to products
3,1,to products that
3,1,products that feed
3,1,that feed the
3,1,feed the war
3,1,the war provide
3,1,war provide revenue
3,1,provide revenue from
3,1,revenue from minerals
3,1,from minerals and
3,1,minerals and mining
3,1,and mining give
3,1,mining give it
3,1,give it access
3,1,it access to
3,1,access to the
3,1,to the international
3,1,the international financial
3,1,international financial system
3,1,financial system or
3,1,system or provide
3,1,or provide military
3,1,provide military technology
3,1,notes https://www.cnn.com/2023/07/19/world/putin-brics-summit-south-africa-intl/index.html https://link.foreignpolicy.com/view/64427b421a7f1f1e29e10678j4o8k.11ju/b0aa6a9e
3,1,https://www.cnn.com/2023/07/19/world/putin-brics-summit-south-africa-intl/index.html https://link.foreignpolicy.com/view/64427b421a7f1f1e29e10678j4o8k.11ju/b0aa6a9e https://www.military.com/daily-news/2023/07/19/us-approves-13-billion-package-of-long-term-military-aid-ukraine.html
3,1,https://link.foreignpolicy.com/view/64427b421a7f1f1e29e10678j4o8k.11ju/b0aa6a9e https://www.military.com/daily-news/2023/07/19/us-approves-13-billion-package-of-long-term-military-aid-ukraine.html https://www.reuters.com/world/europe/white-house-russia-may-attack-civilian-shipping-black-sea-2023-07-19
3,1,https://www.military.com/daily-news/2023/07/19/us-approves-13-billion-package-of-long-term-military-aid-ukraine.html https://www.reuters.com/world/europe/white-house-russia-may-attack-civilian-shipping-black-sea-2023-07-19 https://www.theguardian.com/world/2023/jul/19/odesa-suffers-hellish-night-as-russia-attacks-ukraines-grain-facilities
3,1,https://www.reuters.com/world/europe/white-house-russia-may-attack-civilian-shipping-black-sea-2023-07-19 https://www.theguardian.com/world/2023/jul/19/odesa-suffers-hellish-night-as-russia-attacks-ukraines-grain-facilities https://www.aljazeera.com/news/2023/7/20/at-least-11-hurt-in-russian-raids-on-ukraines-mykolaiv-odesa
3,1,https://www.theguardian.com/world/2023/jul/19/odesa-suffers-hellish-night-as-russia-attacks-ukraines-grain-facilities https://www.aljazeera.com/news/2023/7/20/at-least-11-hurt-in-russian-raids-on-ukraines-mykolaiv-odesa https://home.treasury.gov/news/press-releases/jy1636
3,1,https://www.aljazeera.com/news/2023/7/20/at-least-11-hurt-in-russian-raids-on-ukraines-mykolaiv-odesa https://home.treasury.gov/news/press-releases/jy1636 https://www.nytimes.com/2022/08/19/world/europe/odesa-ukraine-putin-russia.html
3,1,https://home.treasury.gov/news/press-releases/jy1636 https://www.nytimes.com/2022/08/19/world/europe/odesa-ukraine-putin-russia.html https://www.nytimes.com/2023/07/19/world/europe/odesa-ukraine-war-russia.html
3,1,https://www.nytimes.com/2022/08/19/world/europe/odesa-ukraine-putin-russia.html https://www.nytimes.com/2023/07/19/world/europe/odesa-ukraine-war-russia.html https://www.reuters.com/world/europe/russia-has-no-plans-attack-civilian-ships-black-sea-ambassador-2023-07-20
3,1,https://www.nytimes.com/2023/07/19/world/europe/odesa-ukraine-war-russia.html https://www.reuters.com/world/europe/russia-has-no-plans-attack-civilian-ships-black-sea-ambassador-2023-07-20 https://www.reuters.com/world/europe/no-ships-inspected-tuesday-under-ukraine-black-sea-grain-deal-un-2023-04-11
3,1,https://www.reuters.com/world/europe/russia-has-no-plans-attack-civilian-ships-black-sea-ambassador-2023-07-20 https://www.reuters.com/world/europe/no-ships-inspected-tuesday-under-ukraine-black-sea-grain-deal-un-2023-04-11 https://cepa.org/article/time-to-end-russias-black-sea-piracy
3,1,https://www.reuters.com/world/europe/no-ships-inspected-tuesday-under-ukraine-black-sea-grain-deal-un-2023-04-11 https://cepa.org/article/time-to-end-russias-black-sea-piracy https://www.reuters.com/world/europe/russia-has-no-plans-attack-civilian-ships-black-sea-ambassador-2023-07-20
3,1,https://cepa.org/article/time-to-end-russias-black-sea-piracy https://www.reuters.com/world/europe/russia-has-no-plans-attack-civilian-ships-black-sea-ambassador-2023-07-20 https://www.reuters.com/world/europe/russia-warns-ships-black-sea-ukraine-create-temporary-grains-export-route-2023-07-19
3,1,https://www.reuters.com/world/europe/russia-has-no-plans-attack-civilian-ships-black-sea-ambassador-2023-07-20 https://www.reuters.com/world/europe/russia-warns-ships-black-sea-ukraine-create-temporary-grains-export-route-2023-07-19 https://www.washingtonpost.com/world/2023/07/20/cluster-munitions-ukraine-war-russia
3,1,https://www.reuters.com/world/europe/russia-warns-ships-black-sea-ukraine-create-temporary-grains-export-route-2023-07-19 https://www.washingtonpost.com/world/2023/07/20/cluster-munitions-ukraine-war-russia https://talkingpointsmemo.com/muckraker/cluster-bombs-what-the-us-debate-looks-like-from-ukraine
3,1,https://www.washingtonpost.com/world/2023/07/20/cluster-munitions-ukraine-war-russia https://talkingpointsmemo.com/muckraker/cluster-bombs-what-the-us-debate-looks-like-from-ukraine twitter
3,1,https://talkingpointsmemo.com/muckraker/cluster-bombs-what-the-us-debate-looks-like-from-ukraine twitter komadovsky/status/1681711912935882762
3,1,twitter komadovsky/status/1681711912935882762 juliadavisnews/status/1681704224504135680
3,1,komadovsky/status/1681711912935882762 juliadavisnews/status/1681704224504135680 nsc_spox/status/1680961375164682242
3,1,juliadavisnews/status/1681704224504135680 nsc_spox/status/1680961375164682242 sentdefender/status/1681704119654858752
3,1,nsc_spox/status/1680961375164682242 sentdefender/status/1681704119654858752 bwoodward_un/status/1681676769869414400
3,1,sentdefender/status/1681704119654858752 bwoodward_un/status/1681676769869414400 share
3,1,bwoodward_un/status/1681676769869414400 share a
3,1,share a follow
3,1,a follow up
3,1,follow up to
3,1,up to some
3,1,to some stories
3,1,some stories i've
3,1,stories i've 
3,1,i've  mentioned
3,1, mentioned egypt
3,1,mentioned egypt has
3,1,egypt has opened
3,1,has opened its
3,1,opened its border
3,1,its border crossing
3,1,border crossing into
3,1,crossing into gaza
3,1,into gaza permitting
3,1,gaza permitting ambulances
3,1,permitting ambulances to
3,1,ambulances to carry
3,1,to carry 76
3,1,carry 76 badly
3,1,76 badly injured
3,1,badly injured palestinians
3,1,injured palestinians to
3,1,palestinians to egypt
3,1,to egypt while
3,1,egypt while 335
3,1,while 335 people
3,1,335 people who
3,1,people who hold
3,1,who hold foreign
3,1,hold foreign passports
3,1,foreign passports were
3,1,passports were able
3,1,were able to
3,1,able to cross
3,1,jonathan lemire nahal
3,1,lemire nahal toosi
3,1,nahal toosi and
3,1,toosi and alexander
3,1,and alexander ward
3,1,alexander ward of
3,1,ward of politico
3,1,of politico reported
3,1,politico reported today
3,1,reported today that
3,1,today that the
3,1,that the white
3,1,white house suspects
3,1,house suspects israeli
3,1,suspects israeli prime
3,1,israeli prime minister
3,1,prime minister benjamin
3,1,minister benjamin netanhayu's
3,1,benjamin netanhayu's days
3,1,netanhayu's days in
3,1,days in office
3,1,in office are
3,1,office are numbered
3,1,here at home
3,1,at home the
3,1,home the nonpartisan
3,1,the nonpartisan congressional
3,1,budget office cbo
3,1,office cbo has
3,1,cbo has scored
3,1,has scored the
3,1,scored the house
3,1,the house republicans
3,1,house republicans bill
3,1,republicans bill to
3,1,bill to provide
3,1,to provide $14.3
3,1,provide $14.3 billion
3,1,billion in aid
3,1,in aid to
3,1,aid to israel
3,1,to israel and
3,1,israel and to
3,1,and to offset
3,1,to offset that
3,1,offset that spending
3,1,that spending with
3,1,spending with $14.3
3,1,with $14.3 billion
3,1,billion in cuts
3,1,in cuts to
3,1,to the internal
3,1,the internal revenue
3,1,internal revenue service
3,1,revenue service irs
3,1,as those of
3,1,those of us
3,1,of us who
3,1,us who have
3,1,who have followed
3,1,have followed the
3,1,followed the economics
3,1,the economics of
3,1,economics of adequately
3,1,of adequately funding
3,1,adequately funding the
3,1,funding the irs
3,1,the irs predicted
3,1,irs predicted the
3,1,predicted the cbo
3,1,the cbo found
3,1,cbo found that
3,1,found that the
3,1,that the cuts
3,1,the cuts to
3,1,to the irs
3,1,the irs would
3,1,irs would cost
3,1,would cost far
3,1,cost far more
3,1,far more than
3,1,than they save
3,1,as it is
3,1,it is currently
3,1,is currently constructed
3,1,currently constructed the
3,1,constructed the bill
3,1,the bill would
3,1,bill would add
3,1,would add $26.8
3,1,add $26.8 billion
3,1,$26.8 billion to
3,1,billion to the
3,1,to the national
3,1,the national budget
3,1,national budget deficit
3,1,new house speaker
3,1,house speaker mike
3,1,speaker mike johnson
3,1,mike johnson r-la
3,1,johnson r-la tried
3,1,r-la tried to
3,1,tried to spin
3,1,to spin this
3,1,spin this information
3,1,this information in
3,1,information in a
3,1,in a way
3,1,a way that
3,1,way that can
3,1,that can only
3,1,can only be
3,1,only be described
3,1,be described as
3,1,described as dishonest
3,1,as dishonest only
3,1,dishonest only in
3,1,only in washington
3,1,in washington when
3,1,washington when you
3,1,when you cut
3,1,you cut spending
3,1,cut spending do
3,1,spending do they
3,1,do they call
3,1,they call it
3,1,call it an
3,1,it an increase
3,1,an increase in
3,1,increase in the
3,1,in the deficit
3,1,the deficit he
3,1,deficit he said
3,1,he said johnson
3,1,said johnson rejects
3,1,johnson rejects the
3,1,rejects the separation
3,1,the separation of
3,1,and state in
3,1,state in our
3,1,in our government
3,1,our government saying
3,1,government saying that
3,1,saying that the
3,1,that the framers
3,1,the framers idea
3,1,framers idea clearly
3,1,idea clearly did
3,1,clearly did not
3,1,did not mean...to
3,1,not mean...to keep
3,1,mean...to keep religion
3,1,keep religion from
3,1,religion from influencing
3,1,from influencing issues
3,1,influencing issues of
3,1,issues of civil
3,1,of civil government
3,1,to the contrary
3,1,the contrary it
3,1,contrary it was
3,1,it was meant
3,1,was meant to
3,1,meant to keep
3,1,to keep the
3,1,keep the federal
3,1,federal government from
3,1,government from impeding
3,1,from impeding the
3,1,impeding the religious
3,1,the religious practice
3,1,religious practice of
3,1,practice of citizens
3,1,the founders wanted
3,1,founders wanted to
3,1,wanted to protect
3,1,to protect the
3,1,protect the church
3,1,the church from
3,1,church from an
3,1,from an encroaching
3,1,an encroaching state
3,1,encroaching state not
3,1,state not the
3,1,not the other
3,1,the other way
3,1,other way around
3,1,way around actually
3,1,around actually james
3,1,actually james madison
3,1,james madison of
3,1,madison of virginia
3,1,of virginia the
3,1,virginia the key
3,1,the key thinker
3,1,key thinker behind
3,1,thinker behind the
3,1,behind the constitution
3,1,the constitution had
3,1,constitution had quite
3,1,had quite a
3,1,quite a lot
3,1,a lot to
3,1,lot to say
3,1,to say about
3,1,say about why
3,1,about why the
3,1,why the government
3,1,the government and
3,1,government and religion
3,1,and religion must
3,1,religion must be
3,1,must be kept
3,1,be kept apart
3,1,in 1772 when
3,1,1772 when he
3,1,when he was
3,1,he was 21
3,1,was 21 madison
3,1,21 madison watched
3,1,madison watched as
3,1,watched as virginia
3,1,as virginia arrested
3,1,virginia arrested itinerant
3,1,arrested itinerant preachers
3,1,itinerant preachers for
3,1,preachers for attacking
3,1,for attacking the
3,1,attacking the established
3,1,the established church
3,1,established church in
3,1,church in the
3,1,in the state
3,1,he was no
3,1,was no foe
3,1,no foe of
3,1,foe of religion
3,1,of religion but
3,1,religion but by
3,1,but by the
3,1,by the next
3,1,the next year
3,1,next year he
3,1,year he had
3,1,he had begun
3,1,had begun to
3,1,begun to question
3,1,to question whether
3,1,question whether established
3,1,whether established religion
3,1,established religion which
3,1,religion which was
3,1,which was common
3,1,was common in
3,1,common in the
3,1,in the colonies
3,1,the colonies was
3,1,colonies was good
3,1,was good for
3,1,good for society
3,1,by 1776 many
3,1,1776 many of
3,1,of his broad
3,1,his broad thinking
3,1,broad thinking neighbors
3,1,thinking neighbors had
3,1,neighbors had come
3,1,come to believe
3,1,believe that society
3,1,that society should
3,1,society should tolerate
3,1,should tolerate different
3,1,tolerate different religious
3,1,different religious practices
3,1,religious practices he
3,1,practices he had
3,1,he had moved
3,1,had moved past
3,1,moved past tolerance
3,1,past tolerance to
3,1,tolerance to the
3,1,to the belief
3,1,the belief that
3,1,belief that men
3,1,that men had
3,1,men had a
3,1,a right of
3,1,in that year
3,1,that year he
3,1,year he was
3,1,he was instrumental
3,1,was instrumental in
3,1,instrumental in putting
3,1,in putting section
3,1,putting section 16
3,1,section 16 into
3,1,16 into the
3,1,into the virginia
3,1,the virginia declaration
3,1,virginia declaration of
3,1,declaration of rights
3,1,of rights on
3,1,rights on which
3,1,on which our
3,1,which our own
3,1,our own bill
3,1,own bill of
3,1,bill of rights
3,1,of rights the
3,1,rights the first
3,1,the first ten
3,1,first ten amendments
3,1,ten amendments to
3,1,amendments to the
3,1,the constitution would
3,1,constitution would be
3,1,would be based
3,1,it reads that
3,1,reads that religion
3,1,that religion or
3,1,religion or the
3,1,or the duty
3,1,the duty which
3,1,duty which we
3,1,which we owe
3,1,we owe to
3,1,owe to our
3,1,to our creator
3,1,our creator and
3,1,creator and the
3,1,and the manner
3,1,the manner of
3,1,manner of discharging
3,1,of discharging it
3,1,discharging it can
3,1,it can be
3,1,can be directed
3,1,be directed only
3,1,directed only by
3,1,only by reason
3,1,by reason and
3,1,reason and conviction
3,1,and conviction not
3,1,conviction not by
3,1,not by force
3,1,by force or
3,1,force or violence
3,1,or violence and
3,1,violence and therefore
3,1,and therefore all
3,1,therefore all men
3,1,men are equally
3,1,are equally entitled
3,1,equally entitled to
3,1,entitled to the
3,1,to the free
3,1,free exercise of
3,1,exercise of religion
3,1,of religion according
3,1,religion according to
3,1,according to the
3,1,to the dictates
3,1,the dictates of
3,1,dictates of conscience
3,1,of conscience and
3,1,conscience and that
3,1,and that it
3,1,is the mutual
3,1,the mutual duty
3,1,mutual duty of
3,1,duty of all
3,1,of all to
3,1,all to practice
3,1,to practice christian
3,1,practice christian forbearance
3,1,christian forbearance love
3,1,forbearance love and
3,1,love and charity
3,1,and charity toward
3,1,charity toward each
3,1,toward each other
3,1,each other in
3,1,other in 1785
3,1,in 1785 in
3,1,1785 in a
3,1,in a memorial
3,1,a memorial and
3,1,memorial and remonstrance
3,1,and remonstrance against
3,1,remonstrance against religious
3,1,against religious assessments
3,1,religious assessments madison
3,1,assessments madison explained
3,1,madison explained that
3,1,explained that what
3,1,that what was
3,1,what was at
3,1,was at stake
3,1,at stake was
3,1,stake was not
3,1,was not just
3,1,not just religion
3,1,just religion but
3,1,religion but also
3,1,but also representative
3,1,also representative government
3,1,representative government itself
3,1,the establishment of
3,1,establishment of one
3,1,of one religion
3,1,one religion over
3,1,religion over others
3,1,over others attacked
3,1,others attacked a
3,1,attacked a fundamental
3,1,a fundamental human
3,1,fundamental human right
3,1,human right an
3,1,right an unalienable
3,1,an unalienable right
3,1,unalienable right of
3,1,if lawmakers could
3,1,lawmakers could destroy
3,1,could destroy the
3,1,destroy the right
3,1,right of freedom
3,1,of freedom of
3,1,freedom of conscience
3,1,of conscience they
3,1,conscience they could
3,1,they could destroy
3,1,could destroy all
3,1,destroy all other
3,1,all other unalienable
3,1,other unalienable rights
3,1,those in charge
3,1,charge of government
3,1,of government could
3,1,government could throw
3,1,could throw representative
3,1,throw representative government
3,1,representative government out
3,1,government out the
3,1,out the window
3,1,the window and
3,1,window and make
3,1,and make themselves
3,1,make themselves tyrants
3,1,madison believed that
3,1,believed that a
3,1,variety of religious
3,1,of religious sects
3,1,religious sects would
3,1,sects would balance
3,1,would balance each
3,1,balance each other
3,1,each other out
3,1,other out keeping
3,1,out keeping the
3,1,keeping the new
3,1,the new nation
3,1,new nation free
3,1,nation free of
3,1,free of the
3,1,of the religious
3,1,the religious violence
3,1,religious violence of
3,1,violence of europe
3,1,he drew on
3,1,drew on that
3,1,on that vision
3,1,that vision explicitly
3,1,vision explicitly when
3,1,explicitly when he
3,1,when he envisioned
3,1,he envisioned a
3,1,new political system
3,1,political system expecting
3,1,system expecting that
3,1,expecting that a
3,1,variety of political
3,1,of political expressions
3,1,political expressions would
3,1,expressions would protect
3,1,would protect the
3,1,protect the new
3,1,the new government
3,1,in federalist #51
3,1,federalist #51 he
3,1,#51 he said
3,1,he said in
3,1,said in a
3,1,in a free
3,1,a free government
3,1,free government the
3,1,government the security
3,1,the security for
3,1,security for civil
3,1,for civil rights
3,1,civil rights must
3,1,rights must be
3,1,must be the
3,1,be the same
3,1,the same as
3,1,same as that
3,1,as that for
3,1,that for religious
3,1,for religious rights
3,1,it consists in
3,1,consists in the
3,1,in the one
3,1,the one case
3,1,one case in
3,1,case in the
3,1,multiplicity of interests
3,1,of interests and
3,1,interests and in
3,1,and in the
3,1,in the other
3,1,the other in
3,1,other in the
3,1,multiplicity of sects
3,1,of sects in
3,1,sects in order
3,1,order to make
3,1,to make sure
3,1,make sure men
3,1,sure men had
3,1,men had the
3,1,had the right
3,1,of conscience the
3,1,conscience the first
3,1,first amendment to
3,1,the constitution reads
3,1,constitution reads congress
3,1,reads congress shall
3,1,congress shall make
3,1,shall make no
3,1,exercise thereof in
3,1,thereof in 1802
3,1,in 1802 president
3,1,1802 president thomas
3,1,president thomas jefferson
3,1,thomas jefferson called
3,1,jefferson called this
3,1,called this amendment
3,1,this amendment a
3,1,amendment a wall
3,1,& state in
3,1,state in a
3,1,in a letter
3,1,a letter of
3,1,letter of january
3,1,of january 1
3,1,january 1 1802
3,1,1 1802 he
3,1,1802 he explained
3,1,he explained to
3,1,explained to a
3,1,to a group
3,1,group of baptists
3,1,of baptists from
3,1,baptists from danbury
3,1,from danbury connecticut
3,1,danbury connecticut how
3,1,connecticut how that
3,1,how that principle
3,1,that principle made
3,1,principle made him
3,1,made him refuse
3,1,him refuse to
3,1,refuse to call
3,1,to call for
3,1,call for national
3,1,for national religious
3,1,national religious days
3,1,religious days of
3,1,days of fasting
3,1,of fasting and
3,1,fasting and thanksgiving
3,1,and thanksgiving in
3,1,thanksgiving in his
3,1,in his role
3,1,his role as
3,1,role as head
3,1,as head of
3,1,head of the
3,1,of the government
3,1,like madison he
3,1,madison he maintained
3,1,he maintained that
3,1,maintained that religion
3,1,that religion is
3,1,religion is a
3,1,is a matter
3,1,a matter which
3,1,matter which lies
3,1,which lies solely
3,1,lies solely between
3,1,solely between man
3,1,between man &
3,1,man & his
3,1,& his god
3,1,his god that
3,1,god that he
3,1,that he owes
3,1,he owes account
3,1,owes account to
3,1,account to none
3,1,to none other
3,1,none other for
3,1,other for his
3,1,for his faith
3,1,his faith or
3,1,faith or his
3,1,or his worship
3,1,his worship t]he
3,1,worship t]he legitimate
3,1,t]he legitimate powers
3,1,legitimate powers of
3,1,powers of government
3,1,of government reach
3,1,government reach actions
3,1,reach actions only
3,1,actions only he
3,1,only he wrote
3,1,he wrote and
3,1,wrote and not
3,1,and not religious
3,1,not religious opinions
3,1,religious opinions t]hat
3,1,opinions t]hat act
3,1,t]hat act of
3,1,act of the
3,1,of the whole
3,1,the whole american
3,1,whole american people
3,1,american people which
3,1,people which declared
3,1,which declared that
3,1,declared that their
3,1,that their legislature
3,1,their legislature should
3,1,legislature should make
3,1,should make no
3,1,exercise thereof he
3,1,thereof he wrote
3,1,he wrote built
3,1,wrote built a
3,1,built a wall
3,1,& state it
3,1,state it prevented
3,1,it prevented him
3,1,prevented him even
3,1,him even from
3,1,even from such
3,1,from such religious
3,1,such religious practices
3,1,religious practices as
3,1,practices as declaring
3,1,as declaring a
3,1,declaring a day
3,1,a day of
3,1,day of fasting
3,1,of fasting in
3,1,fasting in times
3,1,times of trouble
3,1,of trouble or
3,1,trouble or thanksgiving
3,1,or thanksgiving in
3,1,thanksgiving in times
3,1,times of triumph
3,1,notes https://www.nbcnews.com/politics/congress/house-gops-israel-aid-bill-adds-268-billion-deficit-budget-office-says-rcna123160 https://www.politico.com/news/2023/11/01/biden-administration-thinks-netanyahu-may-not-last-politically-00124849
3,1,https://www.nbcnews.com/politics/congress/house-gops-israel-aid-bill-adds-268-billion-deficit-budget-office-says-rcna123160 https://www.politico.com/news/2023/11/01/biden-administration-thinks-netanyahu-may-not-last-politically-00124849 https://www.bbc.com/news/world-middle-east-67284694
3,1,https://www.politico.com/news/2023/11/01/biden-administration-thinks-netanyahu-may-not-last-politically-00124849 https://www.bbc.com/news/world-middle-east-67284694 https://www.facebook.com/photo/?fbid=628702608614710&set=a.426385065513133
3,1,https://www.bbc.com/news/world-middle-east-67284694 https://www.facebook.com/photo/?fbid=628702608614710&set=a.426385065513133 https://www.washingtonpost.com/opinions/2023/11/01/mike-johnson-christian-nationalism-guns-political-violence
3,1,https://www.facebook.com/photo/?fbid=628702608614710&set=a.426385065513133 https://www.washingtonpost.com/opinions/2023/11/01/mike-johnson-christian-nationalism-guns-political-violence https://founders.archives.gov/documents/madison/01-01-02-0027
3,1,https://www.washingtonpost.com/opinions/2023/11/01/mike-johnson-christian-nationalism-guns-political-violence https://founders.archives.gov/documents/madison/01-01-02-0027 https://www.archives.gov/founding-docs/virginia-declaration-of-rights
3,1,https://founders.archives.gov/documents/madison/01-01-02-0027 https://www.archives.gov/founding-docs/virginia-declaration-of-rights https://founders.archives.gov/documents/madison/01-08-02-0163#jsmn-01-08-02-0163-fn-0014-ptr
3,1,"https://www.archives.gov/founding-docs/virginia-declaration-of-rights https://founders.archives.gov/documents/madison/01-08-02-0163#jsmn-01-08-02-0163-fn-0014-ptr https://www.loc.gov/loc/lcib/9806/danbury.html#:~:text=the%20unedited%20draft%20of%20the,was%20an%20offense%20to%20republicanism"
3,1,https://www.loc.gov/loc/lcib/9806/danpre.html share for
3,1,share for more
3,1,for more than
3,1,than a week
3,1,a week now
3,1,week now i
3,1,now i have
3,1,i have intended
3,1,have intended to
3,1,intended to write
3,1,to write a
3,1,write a deep
3,1,a deep dive
3,1,deep dive into
3,1,dive into the
3,1,into the right
3,1,right wing moms
3,1,wing moms for
3,1,liberty group that
3,1,group that held
3,1,that held their
3,1,held their joyful
3,1,their joyful warriors
3,1,joyful warriors national
3,1,warriors national summit
3,1,national summit in
3,1,summit in philadelphia
3,1,last week only
3,1,week only to
3,1,only to have
3,1,to have one
3,1,have one thing
3,1,one thing or
3,1,thing or another
3,1,or another that
3,1,another that seemed
3,1,that seemed more
3,1,seemed more important
3,1,more important push
3,1,important push it
3,1,push it off
3,1,it off another
3,1,off another day
3,1,this morning it
3,1,morning it hit
3,1,it hit me
3,1,hit me that
3,1,me that maybe
3,1,that maybe that's
3,1,maybe that's 
3,1,that's  the
3,1, the story
3,1,story that the
3,1,that the reactionary
3,1,the reactionary right
3,1,reactionary right that
3,1,right that has
3,1,that has taken
3,1,has taken so
3,1,taken so much
3,1,so much of
3,1,much of our
3,1,of our oxygen
3,1,our oxygen for
3,1,oxygen for the
3,1,for the past
3,1,the past year
3,1,past year is
3,1,year is losing
3,1,is losing ground
3,1,losing ground to
3,1,ground to the
3,1,to the country's
3,1,the country's new
3,1,country's new forward
3,1,new forward movement
3,1,today the jobs
3,1,the jobs report
3,1,jobs report from
3,1,report from the
3,1,from the bureau
3,1,labor statistics pushed
3,1,statistics pushed ahead
3,1,pushed ahead of
3,1,ahead of them
3,1,of them by
3,1,them by showing
3,1,by showing that
3,1,economy added 209000
3,1,added 209000 jobs
3,1,209000 jobs in
3,1,jobs in june
3,1,the rate of
3,1,rate of job
3,1,job growth is
3,1,growth is slowing
3,1,is slowing but
3,1,slowing but still
3,1,but still strong
3,1,still strong although
3,1,strong although the
3,1,although the economy
3,1,the economy showed
3,1,economy showed that
3,1,showed that the
3,1,that the black
3,1,the black unemployment
3,1,black unemployment rate
3,1,unemployment rate which
3,1,rate which had
3,1,which had been
3,1,had been at
3,1,been at an
3,1,at an all
3,1,an all time
3,1,all time low
3,1,time low climbed
3,1,low climbed from
3,1,climbed from 4.7%
3,1,from 4.7% to
3,1,4.7% to 6%
3,1,since black workers
3,1,black workers historically
3,1,workers historically are
3,1,historically are the
3,1,are the first
3,1,first to lose
3,1,to lose their
3,1,lose their jobs
3,1,their jobs this
3,1,jobs this is
3,1,this is likely
3,1,is likely a
3,1,likely a signal
3,1,a signal that
3,1,signal that the
3,1,that the job
3,1,the job market
3,1,job market is
3,1,market is cooling
3,1,is cooling which
3,1,cooling which should
3,1,which should continue
3,1,should continue to
3,1,continue to slow
3,1,to slow inflation
3,1,in the washington
3,1,"washington post ,"
3,1,"post , jennifer"
3,1,", jennifer rubin"
3,1,jennifer rubin called
3,1,rubin called out
3,1,out the media
3,1,the media outlets
3,1,media outlets so
3,1,outlets so focused
3,1,so focused on
3,1,idea that biden
3,1,that biden would
3,1,biden would mismanage
3,1,would mismanage the
3,1,mismanage the economy
3,1,the economy and
3,1,economy and that
3,1,and that recession
3,1,that recession was
3,1,recession was imminent
3,1,was imminent that
3,1,imminent that they
3,1,that they have
3,1,they have ignored
3,1,have ignored 29
3,1,ignored 29 consecutive
3,1,29 consecutive months
3,1,consecutive months of
3,1,months of job
3,1,job growth inflation
3,1,growth inflation steadily
3,1,inflation steadily declining
3,1,steadily declining durable
3,1,declining durable goods
3,1,durable goods having
3,1,goods having been
3,1,having been up
3,1,been up for
3,1,up for three
3,1,for three consecutive
3,1,three consecutive months
3,1,consecutive months 35000
3,1,months 35000 new
3,1,35000 new infrastructure
3,1,new infrastructure projects
3,1,infrastructure projects an
3,1,projects an extended
3,1,an extended period
3,1,extended period in
3,1,period in which
3,1,in which real
3,1,which real wages
3,1,real wages exceeded
3,1,wages exceeded inflation
3,1,exceeded inflation and
3,1,inflation and outsize
3,1,and outsize gains
3,1,outsize gains for
3,1,gains for lower
3,1,for lower wage
3,1,lower wage earners
3,1,wage earners as
3,1,earners as reporters
3,1,as reporters focused
3,1,reporters focused on
3,1,on the horse
3,1,the horse race
3,1,horse race aspect
3,1,race aspect of
3,1,aspect of politics
3,1,of politics and
3,1,politics and how
3,1,and how voters
3,1,how voters felt
3,1,voters felt about
3,1,felt about issues
3,1,about issues she
3,1,issues she noted
3,1,she noted w]e
3,1,noted w]e have
3,1,w]e have seen
3,1,have seen far
3,1,seen far too
3,1,far too little
3,1,too little coverage
3,1,little coverage of
3,1,coverage of the
3,1,of the economic
3,1,the economic transformation
3,1,economic transformation in
3,1,transformation in little
3,1,in little towns
3,1,little towns rural
3,1,towns rural areas
3,1,rural areas and
3,1,areas and aging
3,1,and aging metro
3,1,aging metro centers
3,1,metro centers brought
3,1,centers brought about
3,1,brought about by
3,1,about by new
3,1,by new investment
3,1,new investment in
3,1,investment in plants
3,1,in plants infrastructure
3,1,plants infrastructure projects
3,1,projects and green
3,1,and green energy
3,1,green energy related
3,1,energy related to
3,1,related to the
3,1,to the chips
3,1,the chips act
3,1,chips act also
3,1,act also of
3,1,also of note
3,1,of note is
3,1,note is that
3,1,is that today
3,1,that today is
3,1,today is treasury
3,1,is treasury secretary
3,1,secretary janet yellen's
3,1,janet yellen's first
3,1,yellen's first day
3,1,first day of
3,1,day of talks
3,1,of talks with
3,1,talks with top
3,1,with top chinese
3,1,top chinese officials
3,1,chinese officials in
3,1,officials in beijing
3,1,in beijing where
3,1,beijing where she
3,1,where she will
3,1,she will also
3,1,will also talk
3,1,also talk to
3,1,talk to us
3,1,to us business
3,1,at stake is
3,1,stake is the
3,1,is the biden
3,1,focus on us
3,1,on us national
3,1,us national security
3,1,national security which
3,1,security which includes
3,1,which includes both
3,1,includes both limiting
3,1,both limiting china's
3,1,limiting china's access
3,1,china's access to
3,1,access to us
3,1,to us technology
3,1,us technology that
3,1,technology that has
3,1,that has military
3,1,has military applications
3,1,military applications and
3,1,applications and bringing
3,1,and bringing supply
3,1,bringing supply chains
3,1,supply chains home
3,1,china interprets these
3,1,interprets these new
3,1,these new limitations
3,1,new limitations as
3,1,limitations as an
3,1,as an attempt
3,1,an attempt to
3,1,attempt to hurt
3,1,to hurt its
3,1,hurt its economy
3,1,yellen is in
3,1,is in beijing
3,1,in beijing to
3,1,beijing to emphasize
3,1,to emphasize that
3,1,emphasize that the
3,1,the us hopes
3,1,us hopes to
3,1,hopes to maintain
3,1,to maintain healthy
3,1,maintain healthy trade
3,1,healthy trade with
3,1,with china but
3,1,china but she
3,1,but she told
3,1,she told chinese
3,1,told chinese premier
3,1,chinese premier li
3,1,premier li qiang
3,1,li qiang the
3,1,qiang the united
3,1,united states will
3,1,states will in
3,1,will in certain
3,1,in certain circumstances
3,1,certain circumstances need
3,1,circumstances need to
3,1,need to pursue
3,1,to pursue targeted
3,1,pursue targeted actions
3,1,targeted actions to
3,1,actions to protect
3,1,to protect its
3,1,protect its national
3,1,its national security
3,1,national security meanwhile
3,1,security meanwhile china's
3,1,meanwhile china's 
3,1,china's  faltering
3,1, faltering economy
3,1,faltering economy has
3,1,economy has led
3,1,has led to
3,1,led to new
3,1,to new rules
3,1,new rules that
3,1,rules that exclude
3,1,that exclude foreign
3,1,exclude foreign companies
3,1,foreign companies leading
3,1,companies leading us
3,1,leading us businesses
3,1,us businesses to
3,1,businesses to reconsider
3,1,to reconsider investments
3,1,reconsider investments there
3,1,chinese leaders have
3,1,leaders have tried
3,1,have tried to
3,1,tried to reassure
3,1,to reassure foreign
3,1,reassure foreign business
3,1,foreign business leaders
3,1,business leaders that
3,1,leaders that they
3,1,they are welcome
3,1,are welcome in
3,1,welcome in china
3,1,in china while
3,1,china while yellen
3,1,while yellen told
3,1,yellen told us
3,1,told us business
3,1,business leaders i
3,1,leaders i have
3,1,i have made
3,1,have made clear
3,1,made clear that
3,1,that the united
3,1,united states does
3,1,states does not
3,1,does not seek
3,1,not seek a
3,1,seek a wholesale
3,1,a wholesale separation
3,1,wholesale separation of
3,1,separation of our
3,1,of our economies
3,1,we seek to
3,1,seek to diversify
3,1,to diversify not
3,1,diversify not to
3,1,not to decouple
3,1,a decoupling of
3,1,decoupling of the
3,1,the world's two
3,1,world's two largest
3,1,two largest economies
3,1,largest economies would
3,1,economies would be
3,1,would be destabilizing
3,1,be destabilizing for
3,1,destabilizing for the
3,1,for the global
3,1,global economy and
3,1,economy and it
3,1,and it would
3,1,would be virtually
3,1,be virtually impossible
3,1,virtually impossible to
3,1,impossible to undertake
3,1,to undertake the
3,1,undertake the success
3,1,the success of
3,1,success of biden's
3,1,of biden's policies
3,1,biden's policies both
3,1,policies both at
3,1,and abroad has
3,1,abroad has pushed
3,1,has pushed the
3,1,pushed the republican
3,1,republican party into
3,1,party into an
3,1,into an existential
3,1,an existential crisis
3,1,existential crisis and
3,1,crisis and that's
3,1,and that's 
3,1,that's  where
3,1, where moms
3,1,where moms for
3,1,for liberty fits
3,1,liberty fits in
3,1,since the years
3,1,the years of
3,1,years of the
3,1,of the reagan
3,1,the reagan administration
3,1,reagan administration the
3,1,administration the movement
3,1,the movement conservatives
3,1,movement conservatives who
3,1,conservatives who wanted
3,1,who wanted to
3,1,wanted to destroy
3,1,destroy the new
3,1,new deal state
3,1,deal state recognized
3,1,state recognized that
3,1,recognized that they
3,1,that they only
3,1,they only way
3,1,only way they
3,1,way they could
3,1,they could win
3,1,could win voters
3,1,win voters to
3,1,voters to slash
3,1,to slash taxes
3,1,slash taxes for
3,1,taxes for the
3,1,wealthy and cut
3,1,and cut back
3,1,cut back popular
3,1,back popular social
3,1,popular social problems
3,1,social problems was
3,1,problems was by
3,1,was by whipping
3,1,by whipping up
3,1,whipping up social
3,1,up social issues
3,1,social issues to
3,1,issues to convince
3,1,to convince voters
3,1,convince voters that
3,1,voters that black
3,1,that black americans
3,1,black americans or
3,1,americans or people
3,1,of color or
3,1,color or feminists
3,1,or feminists wanted
3,1,feminists wanted a
3,1,wanted a handout
3,1,a handout from
3,1,handout from the
3,1,from the government
3,1,the government undermining
3,1,government undermining america
3,1,undermining america by
3,1,america by ushering
3,1,by ushering in
3,1,ushering in socialism
3,1,in socialism the
3,1,socialism the forty
3,1,the forty years
3,1,forty years from
3,1,years from 1981
3,1,from 1981 to
3,1,1981 to 2021
3,1,to 2021 moved
3,1,2021 moved wealth
3,1,moved wealth upward
3,1,wealth upward dramatically
3,1,upward dramatically and
3,1,dramatically and hollowed
3,1,and hollowed out
3,1,hollowed out the
3,1,middle class creating
3,1,class creating a
3,1,creating a disaffected
3,1,a disaffected population
3,1,disaffected population ripe
3,1,population ripe for
3,1,ripe for an
3,1,for an authoritarian
3,1,an authoritarian figure
3,1,authoritarian figure who
3,1,figure who promised
3,1,who promised to
3,1,promised to return
3,1,to return that
3,1,return that population
3,1,that population to
3,1,population to upward
3,1,to upward mobility
3,1,upward mobility by
3,1,mobility by taking
3,1,by taking revenge
3,1,taking revenge on
3,1,on those they
3,1,those they now
3,1,they now saw
3,1,now saw as
3,1,saw as their
3,1,as their enemies
3,1,their enemies in
3,1,enemies in the
3,1,the past two
3,1,past two years
3,1,two years according
3,1,years according to
3,1,according to a
3,1,to a recent
3,1,a recent working
3,1,recent working paper
3,1,working paper by
3,1,paper by economists
3,1,by economists david
3,1,economists david autor
3,1,david autor arindrajit
3,1,autor arindrajit dube
3,1,arindrajit dube and
3,1,dube and annie
3,1,and annie mcgrew
3,1,annie mcgrew biden's
3,1,mcgrew biden's policies
3,1,biden's policies have
3,1,policies have wiped
3,1,have wiped out
3,1,wiped out a
3,1,out a quarter
3,1,a quarter of
3,1,quarter of the
3,1,of the inequality
3,1,the inequality built
3,1,inequality built in
3,1,built in the
3,1,in the previous
3,1,the previous forty
3,1,and at the
3,1,same time that
3,1,time that biden's
3,1,that biden's resurrection
3,1,biden's resurrection of
3,1,resurrection of the
3,1,of the liberal
3,1,the liberal consensus
3,1,liberal consensus of
3,1,consensus of the
3,1,of the years
3,1,the years from
3,1,years from 1933
3,1,from 1933 to
3,1,1933 to 1980
3,1,to 1980 is
3,1,1980 is illustrating
3,1,is illustrating that
3,1,illustrating that the
3,1,that the economic
3,1,the economic problems
3,1,economic problems in
3,1,problems in the
3,1,in the country
3,1,the country were
3,1,country were the
3,1,were the fault
3,1,the fault of
3,1,fault of republican
3,1,of republican policies
3,1,republican policies rather
3,1,policies rather than
3,1,rather than of
3,1,than of marginalized
3,1,of marginalized people
3,1,marginalized people the
3,1,people the extremism
3,1,the extremism of
3,1,extremism of those
3,1,of those angry
3,1,those angry republican
3,1,angry republican footsoldiers
3,1,republican footsoldiers is
3,1,footsoldiers is revealing
3,1,is revealing that
3,1,revealing that they
3,1,they are not
3,1,not the centrist
3,1,the centrist americans
3,1,centrist americans they
3,1,americans they have
3,1,they have claimed
3,1,have claimed to
3,1,claimed to be
3,1,for liberty which
3,1,liberty which bills
3,1,which bills itself
3,1,bills itself as
3,1,itself as a
3,1,a group protecting
3,1,group protecting children
3,1,protecting children organized
3,1,children organized in
3,1,organized in 2021
3,1,2021 to protest
3,1,to protest mask
3,1,protest mask mandates
3,1,mask mandates in
3,1,mandates in schools
3,1,in schools then
3,1,schools then graduated
3,1,then graduated on
3,1,graduated on to
3,1,on to crusade
3,1,to crusade against
3,1,crusade against the
3,1,against the teaching
3,1,the teaching of
3,1,teaching of critical
3,1,of critical race
3,1,critical race theory
3,1,race theory that
3,1,theory that right
3,1,that right there
3,1,right there was
3,1,there was a
3,1,was a giveaway
3,1,a giveaway because
3,1,giveaway because that
3,1,because that panic
3,1,that panic was
3,1,panic was created
3,1,was created by
3,1,created by then
3,1,by then journalist
3,1,then journalist christopher
3,1,journalist christopher rufo
3,1,christopher rufo who
3,1,rufo who has
3,1,who has emerged
3,1,has emerged as
3,1,emerged as a
3,1,as a leader
3,1,a leader of
3,1,the us attack
3,1,us attack on
3,1,attack on democracy
3,1,rufo embraces the
3,1,embraces the illiberal
3,1,the illiberal democracy
3,1,christian democracy of
3,1,democracy of hungarian
3,1,of hungarian prime
3,1,hungarian prime minister
3,1,viktor orban saying
3,1,orban saying it's
3,1,saying it's 
3,1,it's  time
3,1, time to
3,1,time to clean
3,1,to clean house
3,1,clean house in
3,1,house in america
3,1,in america remove
3,1,america remove the
3,1,remove the attorney
3,1,the attorney general
3,1,attorney general lay
3,1,general lay siege
3,1,lay siege to
3,1,siege to the
3,1,to the universities
3,1,the universities abolish
3,1,universities abolish the
3,1,abolish the teachers
3,1,the teachers unions
3,1,teachers unions and
3,1,unions and overturn
3,1,and overturn the
3,1,overturn the school
3,1,the school boards
3,1,school boards radical
3,1,boards radical right
3,1,radical right activists
3,1,right activists like
3,1,activists like rufo
3,1,like rufo believe
3,1,rufo believe they
3,1,believe they must
3,1,they must capture
3,1,must capture the
3,1,capture the central
3,1,the central institutions
3,1,central institutions of
3,1,institutions of the
3,1,us and get
3,1,and get rid
3,1,get rid of
3,1,rid of the
3,1,of the tenets
3,1,the tenets of
3,1,tenets of democracy
3,1,of democracy individual
3,1,democracy individual rights
3,1,individual rights academic
3,1,rights academic freedom
3,1,academic freedom free
3,1,freedom free markets
3,1,free markets separation
3,1,markets separation of
3,1,and state equality
3,1,state equality before
3,1,equality before the
3,1,the law in
3,1,law in order
3,1,order to save
3,1,to save the
3,1,save the country
3,1,because those central
3,1,those central democratic
3,1,central democratic values
3,1,democratic values are
3,1,values are taught
3,1,are taught in
3,1,taught in schools
3,1,in schools the
3,1,schools the far
3,1,far right has
3,1,right has focused
3,1,focused on attacking
3,1,on attacking schools
3,1,attacking schools from
3,1,schools from kindergartens
3,1,from kindergartens to
3,1,kindergartens to universities
3,1,to universities with
3,1,universities with the
3,1,argument that they
3,1,they are places
3,1,are places of
3,1,places of liberal
3,1,of liberal indoctrination
3,1,liberal indoctrination as
3,1,indoctrination as a
3,1,as a moms
3,1,a moms for
3,1,for liberty chapter
3,1,liberty chapter in
3,1,chapter in indiana
3,1,in indiana put
3,1,indiana put on
3,1,put on its
3,1,on its first
3,1,its first newspaper
3,1,first newspaper he
3,1,newspaper he alone
3,1,he alone who
3,1,alone who owns
3,1,who owns the
3,1,owns the youth
3,1,the youth gains
3,1,youth gains the
3,1,gains the future
3,1,the future while
3,1,future while this
3,1,while this quotation
3,1,this quotation is
3,1,quotation is often
3,1,is often used
3,1,often used by
3,1,used by right
3,1,by right wing
3,1,right wing christian
3,1,wing christian groups
3,1,christian groups to
3,1,groups to warn
3,1,to warn of
3,1,warn of what
3,1,of what they
3,1,what they claim
3,1,they claim liberal
3,1,claim liberal groups
3,1,liberal groups do
3,1,groups do it
3,1,do it is
3,1,it is attributed
3,1,is attributed to
3,1,attributed to german
3,1,to german dictator
3,1,german dictator adolf
3,1,dictator adolf hitler
3,1,using it boomeranged
3,1,it boomeranged on
3,1,boomeranged on the
3,1,on the moms
3,1,liberty group not
3,1,group not least
3,1,not least because
3,1,least because it
3,1,because it coincided
3,1,it coincided with
3,1,coincided with the
3,1,with the popular
3,1,the popular shiny
3,1,popular shiny happy
3,1,shiny happy people
3,1,happy people documentary
3,1,people documentary about
3,1,documentary about the
3,1,about the far
3,1,far right religious
3,1,right religious duggar
3,1,religious duggar family
3,1,duggar family that
3,1,family that showed
3,1,that showed the
3,1,showed the grooming
3,1,the grooming and
3,1,grooming and exploitation
3,1,and exploitation of
3,1,exploitation of children
3,1,of children in
3,1,children in that
3,1,in that brand
3,1,that brand of
3,1,brand of evangelicalism
3,1,liberty have pushed
3,1,have pushed for
3,1,pushed for banning
3,1,for banning books
3,1,banning books that
3,1,books that refer
3,1,that refer to
3,1,refer to any
3,1,to any aspect
3,1,any aspect of
3,1,aspect of modern
3,1,of modern democracy
3,1,modern democracy they
3,1,democracy they find
3,1,they find objectionable
3,1,find objectionable focusing
3,1,objectionable focusing primarily
3,1,focusing primarily on
3,1,primarily on those
3,1,on those with
3,1,those with lgbtq
3,1,with lgbtq content
3,1,lgbtq content or
3,1,content or embrace
3,1,or embrace of
3,1,embrace of minority
3,1,of minority rights
3,1,during the first
3,1,the first half
3,1,first half of
3,1,half of the
3,1,of the 2022-2023
3,1,the 2022-2023 
3,1,2022-2023  
3,1,  school
3,1, school year
3,1,school year pen
3,1,year pen america
3,1,pen america which
3,1,america which advocates
3,1,which advocates for
3,1,advocates for literature
3,1,for literature found
3,1,literature found that
3,1,found that 874
3,1,that 874 unique
3,1,874 unique titles
3,1,unique titles had
3,1,titles had been
3,1,had been challenged
3,1,been challenged up
3,1,challenged up 28%
3,1,up 28% from
3,1,28% from the
3,1,from the previous
3,1,the previous six
3,1,previous six months
3,1,the bans were
3,1,bans were mostly
3,1,were mostly in
3,1,mostly in texas
3,1,in texas florida
3,1,texas florida missouri
3,1,florida missouri utah
3,1,missouri utah and
3,1,utah and south
3,1,and south carolina
3,1,a study by
3,1,study by the
3,1,by the washington
3,1,washington post found
3,1,post found that
3,1,found that two
3,1,that two thirds
3,1,thirds of book
3,1,of book challenges
3,1,book challenges came
3,1,challenges came from
3,1,came from individuals
3,1,from individuals who
3,1,individuals who filed
3,1,who filed 10
3,1,filed 10 or
3,1,10 or more
3,1,or more complaints
3,1,more complaints with
3,1,complaints with the
3,1,with the filers
3,1,the filers often
3,1,filers often affiliated
3,1,often affiliated with
3,1,affiliated with moms
3,1,with moms for
3,1,for liberty or
3,1,liberty or similar
3,1,or similar groups
3,1,and in their
3,1,in their quest
3,1,their quest to
3,1,quest to make
3,1,to make education
3,1,make education align
3,1,education align with
3,1,align with their
3,1,with their ideology
3,1,their ideology the
3,1,ideology the moms
3,1,liberty have joined
3,1,have joined forces
3,1,joined forces with
3,1,forces with far
3,1,with far right
3,1,far right extremist
3,1,right extremist groups
3,1,extremist groups including
3,1,groups including the
3,1,including the proud
3,1,the proud boys
3,1,proud boys the
3,1,boys the three
3,1,the three percenters
3,1,three percenters sovereign
3,1,percenters sovereign citizens
3,1,sovereign citizens groups
3,1,citizens groups and
3,1,groups and so
3,1,and so on
3,1,so on pushing
3,1,on pushing them
3,1,pushing them even
3,1,them even further
3,1,even further to
3,1,further to the
3,1,to the right
3,1,although the southern
3,1,the southern poverty
3,1,southern poverty law
3,1,poverty law center
3,1,law center labeled
3,1,center labeled moms
3,1,labeled moms for
3,1,for liberty an
3,1,liberty an extremist
3,1,an extremist group
3,1,extremist group that
3,1,group that spreads
3,1,that spreads messages
3,1,spreads messages of
3,1,messages of anti-inclusion
3,1,of anti-inclusion and
3,1,anti-inclusion and hate
3,1,and hate the
3,1,hate the group
3,1,the group appeared
3,1,group appeared to
3,1,appeared to offer
3,1,to offer to
3,1,offer to the
3,1,to the republican
3,1,republican party inroads
3,1,party inroads into
3,1,inroads into the
3,1,into the all
3,1,the all important
3,1,all important suburban
3,1,important suburban woman
3,1,suburban woman vote
3,1,woman vote which
3,1,vote which party
3,1,which party leaders
3,1,party leaders interpret
3,1,leaders interpret as
3,1,interpret as white
3,1,as white women
3,1,white women although
3,1,women although in
3,1,although in fact
3,1,in fact the
3,1,fact the 2020
3,1,the 2020 census
3,1,2020 census shows
3,1,census shows that
3,1,shows that suburbs
3,1,that suburbs are
3,1,suburbs are increasingly
3,1,are increasingly diverse
3,1,increasingly diverse in
3,1,diverse in 1990
3,1,in 1990 about
3,1,1990 about 20%
3,1,about 20% of
3,1,20% of people
3,1,of people living
3,1,people living in
3,1,living in the
3,1,in the suburbs
3,1,the suburbs were
3,1,suburbs were people
3,1,were people of
3,1,of color in
3,1,color in 2020
3,1,in 2020 it
3,1,2020 it was
3,1,it was 45%
3,1,when moms for
3,1,for liberty convened
3,1,liberty convened in
3,1,convened in philadelphia
3,1,last week five
3,1,week five candidates
3,1,five candidates for
3,1,candidates for the
3,1,the republican presidential
3,1,republican presidential nomination
3,1,presidential nomination including
3,1,nomination including trump
3,1,including trump showed
3,1,trump showed up
3,1,former south carolina
3,1,south carolina governor
3,1,carolina governor nikki
3,1,governor nikki haley
3,1,nikki haley told
3,1,haley told them
3,1,told them when
3,1,them when they
3,1,when they mentioned
3,1,they mentioned that
3,1,mentioned that this
3,1,that this was
3,1,this was a
3,1,was a terrorist
3,1,a terrorist organization
3,1,terrorist organization i
3,1,organization i said
3,1,i said well
3,1,said well then
3,1,well then count
3,1,then count me
3,1,count me as
3,1,me as a
3,1,as a mom
3,1,a mom for
3,1,mom for liberty
3,1,for liberty because
3,1,liberty because that's
3,1,because that's 
3,1,that's  what
3,1, what i
3,1,what i am
3,1,i am but
3,1,am but here's
3,1,but here's 
3,1,here's  the
3,1, the crisis
3,1,the crisis for
3,1,crisis for the
3,1,republican party leaders
3,1,party leaders who
3,1,leaders who wanted
3,1,who wanted tax
3,1,wanted tax cuts
3,1,cuts and cuts
3,1,and cuts to
3,1,cuts to social
3,1,to social programs
3,1,social programs relied
3,1,programs relied on
3,1,relied on courting
3,1,on courting voters
3,1,courting voters with
3,1,voters with cultural
3,1,with cultural issues
3,1,cultural issues suggesting
3,1,issues suggesting that
3,1,suggesting that their
3,1,that their coalition
3,1,their coalition was
3,1,coalition was protecting
3,1,was protecting the
3,1,protecting the united
3,1,united states from
3,1,states from radicalism
3,1,but the republican
3,1,the republican embrace
3,1,republican embrace of
3,1,embrace of moms
3,1,of moms for
3,1,for liberty illustrates
3,1,liberty illustrates dramatically
3,1,illustrates dramatically and
3,1,dramatically and to
3,1,and to a
3,1,to a wide
3,1,a wide audience
3,1,wide audience how
3,1,audience how radical
3,1,how radical the
3,1,radical the party
3,1,the party itself
3,1,party itself has
3,1,itself has become
3,1,has become threatening
3,1,become threatening to
3,1,threatening to turn
3,1,to turn away
3,1,turn away all
3,1,away all but
3,1,all but its
3,1,but its extremist
3,1,its extremist base
3,1,a strong majority
3,1,strong majority of
3,1,of americans oppose
3,1,americans oppose book
3,1,oppose book banning
3,1,book banning about
3,1,banning about two
3,1,about two thirds
3,1,of the general
3,1,the general population
3,1,general population and
3,1,population and even
3,1,and even 51%
3,1,even 51% of
3,1,51% of republicans
3,1,of republicans oppose
3,1,republicans oppose it
3,1,oppose it recognizing
3,1,it recognizing that
3,1,recognizing that it
3,1,that it echoes
3,1,it echoes the
3,1,echoes the rise
3,1,rise of authoritarians
3,1,as historian nicole
3,1,historian nicole hemmer
3,1,nicole hemmer points
3,1,hemmer points out
3,1,points out today
3,1,out today for
3,1,today for cnn
3,1,for cnn moms
3,1,cnn moms for
3,1,for liberty are
3,1,liberty are indeed
3,1,are indeed a
3,1,indeed a new
3,1,a new version
3,1,new version of
3,1,version of a
3,1,of a broader
3,1,a broader and
3,1,broader and longstanding
3,1,and longstanding reactionary
3,1,longstanding reactionary movement
3,1,reactionary movement centered
3,1,movement centered on
3,1,centered on restoring
3,1,on restoring traditional
3,1,restoring traditional hierarchies
3,1,traditional hierarchies of
3,1,hierarchies of race
3,1,of race gender
3,1,race gender and
3,1,gender and sexuality
3,1,and sexuality that
3,1,sexuality that in
3,1,the us included
3,1,us included the
3,1,included the women
3,1,the women of
3,1,women of the
3,1,of the ku
3,1,the ku klux
3,1,klux klan in
3,1,klan in the
3,1,in the 1920s
3,1,the 1920s and
3,1,1920s and segregationists
3,1,and segregationists who
3,1,segregationists who organized
3,1,who organized as
3,1,organized as restore
3,1,as restore our
3,1,restore our alienated
3,1,our alienated rights
3,1,alienated rights roar
3,1,rights roar in
3,1,roar in the
3,1,in the 1970s
3,1,hemmer observes the
3,1,observes the book
3,1,the book bans
3,1,book bans the
3,1,bans the curricula
3,1,the curricula battles
3,1,curricula battles the
3,1,battles the efforts
3,1,the efforts to
3,1,efforts to fire
3,1,to fire teachers
3,1,fire teachers and
3,1,teachers and disrupt
3,1,and disrupt school
3,1,disrupt school board
3,1,school board meetings
3,1,board meetings little
3,1,meetings little here
3,1,little here is
3,1,here is new
3,1,is new in
3,1,new in the
3,1,the past a
3,1,past a democratic
3,1,a democratic coalition
3,1,democratic coalition has
3,1,coalition has come
3,1,has come together
3,1,together to reject
3,1,to reject such
3,1,reject such extremism
3,1,if it does
3,1,it does so
3,1,does so again
3,1,so again the
3,1,again the republican
3,1,the republican marriage
3,1,republican marriage of
3,1,marriage of elites
3,1,of elites to
3,1,elites to street
3,1,to street fighters
3,1,street fighters will
3,1,fighters will crumble
3,1,will crumble leaving
3,1,crumble leaving room
3,1,leaving room for
3,1,room for the
3,1,the country to
3,1,country to rebuild
3,1,rebuild the relationship
3,1,the relationship between
3,1,relationship between citizens
3,1,between citizens and
3,1,citizens and the
3,1,and the government
3,1,when a similar
3,1,a similar realignment
3,1,similar realignment happened
3,1,realignment happened in
3,1,happened in the
3,1,in the 1930s
3,1,the 1930s under
3,1,1930s under democratic
3,1,under democratic president
3,1,democratic president franklin
3,1,president franklin delano
3,1,delano roosevelt the
3,1,roosevelt the republican
3,1,republican party had
3,1,party had little
3,1,had little choice
3,1,little choice but
3,1,choice but to
3,1,but to follow
3,1,notes https://www.washingtonpost.com/business/2023/07/07/may-jobs-unemployment https://www.washingtonpost.com/opinions/2023/07/07/supreme-court-legitimacy-restoration
3,1,https://www.washingtonpost.com/business/2023/07/07/may-jobs-unemployment https://www.washingtonpost.com/opinions/2023/07/07/supreme-court-legitimacy-restoration https://www.washingtonpost.com/business/2023/07/07/janet-yellen-china-economic-ties
3,1,https://www.washingtonpost.com/opinions/2023/07/07/supreme-court-legitimacy-restoration https://www.washingtonpost.com/business/2023/07/07/janet-yellen-china-economic-ties https://www.brookings.edu/articles/todays-suburbs-are-symbolic-of-americas-rising-diversity-a-2020-census-portrait
3,1,https://www.washingtonpost.com/business/2023/07/07/janet-yellen-china-economic-ties https://www.brookings.edu/articles/todays-suburbs-are-symbolic-of-americas-rising-diversity-a-2020-census-portrait https://apnews.com/article/moms-for-liberty-adolf-hitler-newsletter-quote-bcce698e901b9e782970030ccd710512
3,1,https://www.brookings.edu/articles/todays-suburbs-are-symbolic-of-americas-rising-diversity-a-2020-census-portrait https://apnews.com/article/moms-for-liberty-adolf-hitler-newsletter-quote-bcce698e901b9e782970030ccd710512 https://www.vox.com/policy-and-politics/2021/11/19/22787269/conservatives-america-chris-rufo-patrick-deneen
3,1,https://apnews.com/article/moms-for-liberty-adolf-hitler-newsletter-quote-bcce698e901b9e782970030ccd710512 https://www.vox.com/policy-and-politics/2021/11/19/22787269/conservatives-america-chris-rufo-patrick-deneen https://www.msnbc.com/opinion/msnbc-opinion/duggar-family-documentary-shiny-happy-people-amazon-prime-rcna87740
3,1,https://www.vox.com/policy-and-politics/2021/11/19/22787269/conservatives-america-chris-rufo-patrick-deneen https://www.msnbc.com/opinion/msnbc-opinion/duggar-family-documentary-shiny-happy-people-amazon-prime-rcna87740 https://www.vice.com/en/article/5d93qd/moms-for-liberty-proud-boys
3,1,https://www.msnbc.com/opinion/msnbc-opinion/duggar-family-documentary-shiny-happy-people-amazon-prime-rcna87740 https://www.vice.com/en/article/5d93qd/moms-for-liberty-proud-boys https://www.theguardian.com/books/2023/may/06/moms-for-liberty-john-birch-society-far-right-book-bans
3,1,https://www.vice.com/en/article/5d93qd/moms-for-liberty-proud-boys https://www.theguardian.com/books/2023/may/06/moms-for-liberty-john-birch-society-far-right-book-bans https://pen.org/report/banned-in-the-usa-state-laws-supercharge-book-suppression-in-schools
3,1,https://www.theguardian.com/books/2023/may/06/moms-for-liberty-john-birch-society-far-right-book-bans https://pen.org/report/banned-in-the-usa-state-laws-supercharge-book-suppression-in-schools https://www.washingtonpost.com/education/2023/05/23/lgbtq-book-ban-challengers
3,1,https://pen.org/report/banned-in-the-usa-state-laws-supercharge-book-suppression-in-schools https://www.washingtonpost.com/education/2023/05/23/lgbtq-book-ban-challengers https://www.salon.com/2023/07/05/moms-for-liberty-are-in-for-a-rude-awakening
3,1,https://www.washingtonpost.com/education/2023/05/23/lgbtq-book-ban-challengers https://www.salon.com/2023/07/05/moms-for-liberty-are-in-for-a-rude-awakening https://www.newyorker.com/news/annals-of-inquiry/how-a-conservative-activist-invented-the-conflict-over-critical-race-theory
3,1,https://www.salon.com/2023/07/05/moms-for-liberty-are-in-for-a-rude-awakening https://www.newyorker.com/news/annals-of-inquiry/how-a-conservative-activist-invented-the-conflict-over-critical-race-theory https://thehill.com/homenews/education/4032438-nearly-half-of-republicans-oppose-book-bans-poll
3,1,https://www.newyorker.com/news/annals-of-inquiry/how-a-conservative-activist-invented-the-conflict-over-critical-race-theory https://thehill.com/homenews/education/4032438-nearly-half-of-republicans-oppose-book-bans-poll https://www.cnn.com/2023/07/07/opinions/moms-for-liberty-conservative-women-history-hemmer/index.html
3,1,https://thehill.com/homenews/education/4032438-nearly-half-of-republicans-oppose-book-bans-poll https://www.cnn.com/2023/07/07/opinions/moms-for-liberty-conservative-women-history-hemmer/index.html https://www.nytimes.com/2023/07/06/business/economy/jobs-great-resignation.html
3,1,https://www.cnn.com/2023/07/07/opinions/moms-for-liberty-conservative-women-history-hemmer/index.html https://www.nytimes.com/2023/07/06/business/economy/jobs-great-resignation.html https://www.nber.org/system/files/working_papers/w31010/w31010.pdf
3,1,https://www.nytimes.com/2023/07/06/business/economy/jobs-great-resignation.html https://www.nber.org/system/files/working_papers/w31010/w31010.pdf tonight
3,1,https://www.nber.org/system/files/working_papers/w31010/w31010.pdf tonight the
3,1,tonight the house
3,1,the house passed
3,1,house passed a
3,1,passed a bill
3,1,a bill to
3,1,bill to suspend
3,1,to suspend the
3,1,suspend the debt
3,1,debt ceiling for
3,1,ceiling for two
3,1,two years enabling
3,1,years enabling the
3,1,enabling the treasury
3,1,the treasury to
3,1,treasury to borrow
3,1,to borrow money
3,1,borrow money to
3,1,money to prevent
3,1,to prevent a
3,1,prevent a default
3,1,more democrats than
3,1,democrats than republicans
3,1,than republicans rallied
3,1,republicans rallied to
3,1,rallied to the
3,1,to the measure
3,1,the measure with
3,1,measure with 165
3,1,with 165 democrats
3,1,165 democrats and
3,1,democrats and 149
3,1,and 149 republicans
3,1,149 republicans voting
3,1,republicans voting in
3,1,voting in favor
3,1,in favor for
3,1,favor for a
3,1,for a final
3,1,a final vote
3,1,final vote of
3,1,vote of 314
3,1,of 314 to
3,1,314 to 117
3,1,seventy one republicans
3,1,one republicans and
3,1,republicans and 46
3,1,and 46 democrats
3,1,46 democrats opposed
3,1,democrats opposed the
3,1,opposed the bill
3,1,now the measure
3,1,the measure heads
3,1,measure heads to
3,1,heads to the
3,1,to the senate
3,1,the votes revealed
3,1,votes revealed a
3,1,revealed a bitter
3,1,a bitter divide
3,1,bitter divide in
3,1,divide in the
3,1,in the republican
3,1,republican party as
3,1,party as the
3,1,as the far
3,1,far right house
3,1,right house freedom
3,1,house freedom caucus
3,1,freedom caucus fervently
3,1,caucus fervently opposed
3,1,fervently opposed the
3,1,opposed the measure
3,1,the measure representative
3,1,measure representative chip
3,1,representative chip roy
3,1,chip roy r-tx
3,1,roy r-tx for
3,1,r-tx for example
3,1,for example called
3,1,example called it
3,1,called it a
3,1,it a turd
3,1,a turd sandwich
3,1,turd sandwich florida
3,1,sandwich florida governor
3,1,ron desantis also
3,1,desantis also came
3,1,also came out
3,1,came out against
3,1,out against it
3,1,against it saying
3,1,it saying it
3,1,saying it leaves
3,1,it leaves the
3,1,leaves the country
3,1,the country careening
3,1,country careening toward
3,1,careening toward bankruptcy
3,1,toward bankruptcy the
3,1,bankruptcy the far
3,1,far right insists
3,1,right insists the
3,1,insists the measure
3,1,the measure does
3,1,measure does not
3,1,does not provide
3,1,not provide the
3,1,provide the cuts
3,1,the cuts they
3,1,cuts they demand
3,1,last night's nonpartisan
3,1,night's nonpartisan congressional
3,1,budget office scoring
3,1,office scoring of
3,1,scoring of the
3,1,of the bill
3,1,the bill offered
3,1,bill offered them
3,1,offered them ammunition
3,1,them ammunition when
3,1,ammunition when it
3,1,when it said
3,1,it said that
3,1,said that the
3,1,that the additional
3,1,the additional work
3,1,additional work requirement
3,1,work requirement imposed
3,1,requirement imposed on
3,1,imposed on able
3,1,on able bodied
3,1,able bodied people
3,1,bodied people aged
3,1,people aged 18-54
3,1,aged 18-54 
3,1,18-54  
3,1,  without
3,1, without dependents
3,1,without dependents to
3,1,dependents to receive
3,1,to receive food
3,1,receive food benefits
3,1,food benefits is
3,1,benefits is outweighed
3,1,is outweighed by
3,1,outweighed by the
3,1,by the expansion
3,1,the expansion of
3,1,expansion of those
3,1,of those benefits
3,1,those benefits to
3,1,benefits to veterans
3,1,to veterans unhoused
3,1,veterans unhoused people
3,1,unhoused people and
3,1,people and children
3,1,and children aging
3,1,children aging out
3,1,aging out of
3,1,out of foster
3,1,of foster care
3,1,the cbo estimates
3,1,cbo estimates that
3,1,estimates that the
3,1,that the measure
3,1,the measure will
3,1,measure will add
3,1,will add 78000
3,1,add 78000 people
3,1,78000 people a
3,1,people a month
3,1,a month to
3,1,month to food
3,1,to food assistance
3,1,food assistance programs
3,1,assistance programs adding
3,1,programs adding $2.1
3,1,adding $2.1 billion
3,1,$2.1 billion in
3,1,billion in spending
3,1,in spending over
3,1,spending over the
3,1,the next ten
3,1,next ten years
3,1,despite their fury
3,1,their fury though
3,1,fury though the
3,1,though the far
3,1,far right in
3,1,right in the
3,1,the house appears
3,1,house appears to
3,1,to be backing
3,1,be backing down
3,1,backing down from
3,1,down from challenging
3,1,from challenging representative
3,1,challenging representative kevin
3,1,representative kevin mccarthy's
3,1,kevin mccarthy's r-ca
3,1,mccarthy's r-ca speakership
3,1,their angry news
3,1,angry news conferences
3,1,news conferences seem
3,1,conferences seem mostly
3,1,seem mostly to
3,1,mostly to be
3,1,to be performances
3,1,be performances for
3,1,performances for their
3,1,for their base
3,1,their base and
3,1,base and to
3,1,and to answer
3,1,to answer them
3,1,answer them mccarthy
3,1,them mccarthy today
3,1,mccarthy today said
3,1,today said on
3,1,said on the
3,1,on the fox
3,1,the fox news
3,1,fox news channel
3,1,news channel that
3,1,channel that he
3,1,he was creating
3,1,was creating a
3,1,creating a commission
3,1,a commission to
3,1,commission to look
3,1,to look at
3,1,look at cutting
3,1,at cutting the
3,1,cutting the budget
3,1,the budget that
3,1,budget that the
3,1,that the president
3,1,the president walled
3,1,president walled off
3,1,walled off from
3,1,off from cuts
3,1,from cuts including
3,1,cuts including the
3,1,including the mandatory
3,1,the mandatory spending
3,1,mandatory spending on
3,1,spending on medicare
3,1,on medicare and
3,1,medicare and social
3,1,and social security
3,1,but as josh
3,1,as josh marshall
3,1,josh marshall pointed
3,1,marshall pointed out
3,1,pointed out in
3,1,out in talking
3,1,in talking points
3,1,points memo today
3,1,memo today the
3,1,today the republican
3,1,republican base no
3,1,base no longer
3,1,no longer seems
3,1,longer seems to
3,1,seems to care
3,1,to care much
3,1,care much about
3,1,much about fiscal
3,1,about fiscal issues
3,1,instead they are
3,1,they are pushing
3,1,are pushing the
3,1,pushing the cultural
3,1,the cultural issues
3,1,cultural issues at
3,1,issues at the
3,1,heart of illiberal
3,1,illiberal democracy anti-lgbtq
3,1,democracy anti-lgbtq laws
3,1,anti-lgbtq laws antiabortion
3,1,laws antiabortion laws
3,1,antiabortion laws anti-immigration
3,1,laws anti-immigration laws
3,1,president trump is
3,1,trump is making
3,1,is making those
3,1,making those themes
3,1,those themes central
3,1,themes central to
3,1,central to his
3,1,to his reelection
3,1,his reelection campaign
3,1,yesterday he released
3,1,he released a
3,1,released a video
3,1,a video promising
3,1,video promising that
3,1,promising that on
3,1,that on day
3,1,day one of
3,1,one of a
3,1,of a new
3,1,a new presidential
3,1,new presidential term
3,1,presidential term he
3,1,term he would
3,1,he would issue
3,1,would issue an
3,1,issue an executive
3,1,an executive order
3,1,executive order that
3,1,order that would
3,1,that would end
3,1,would end birthright
3,1,our current policy
3,1,current policy that
3,1,policy that anyone
3,1,that anyone born
3,1,anyone born in
3,1,united states is
3,1,states is a
3,1,is a citizen
3,1,a citizen he
3,1,citizen he claims
3,1,he claims is
3,1,claims is based
3,1,is based on
3,1,on a historical
3,1,historical myth and
3,1,myth and a
3,1,and a willful
3,1,a willful misinterpretation
3,1,willful misinterpretation of
3,1,misinterpretation of the
3,1,the law by
3,1,law by the
3,1,by the open
3,1,the open borders
3,1,open borders advocates
3,1,borders advocates he
3,1,advocates he promises
3,1,he promises to
3,1,promises to make
3,1,make clear to
3,1,clear to federal
3,1,to federal agencies
3,1,federal agencies that
3,1,agencies that under
3,1,that under the
3,1,under the correct
3,1,the correct interpretation
3,1,correct interpretation of
3,1,interpretation of the
3,1,the law going
3,1,law going forward
3,1,going forward the
3,1,forward the future
3,1,the future children
3,1,future children of
3,1,children of illegal
3,1,of illegal aliens
3,1,illegal aliens will
3,1,aliens will not
3,1,will not receive
3,1,not receive automatic
3,1,receive automatic us
3,1,automatic us citizenship
3,1,us citizenship trump
3,1,citizenship trump is
3,1,trump is picking
3,1,is picking up
3,1,picking up an
3,1,up an idea
3,1,an idea from
3,1,idea from his
3,1,from his presidential
3,1,his presidential term
3,1,presidential term that
3,1,term that immigrants
3,1,that immigrants are
3,1,immigrants are flocking
3,1,are flocking to
3,1,flocking to the
3,1,the us as
3,1,us as birth
3,1,as birth tourists
3,1,birth tourists so
3,1,tourists so their
3,1,so their children
3,1,their children will
3,1,children will have
3,1,will have dual
3,1,have dual citizenship
3,1,dual citizenship but
3,1,citizenship but the
3,1,but the estimate
3,1,the estimate from
3,1,estimate from the
3,1,from the immigration
3,1,the immigration restrictionist
3,1,immigration restrictionist center
3,1,restrictionist center for
3,1,center for immigration
3,1,for immigration studies
3,1,immigration studies that
3,1,studies that birth
3,1,that birth tourism
3,1,birth tourism accounts
3,1,tourism accounts for
3,1,accounts for 26000
3,1,for 26000 of
3,1,26000 of the
3,1,of the approximately
3,1,the approximately 3.7
3,1,approximately 3.7 million
3,1,3.7 million births
3,1,million births in
3,1,births in the
3,1,the us each
3,1,us each year
3,1,each year has
3,1,year has been
3,1,has been shown
3,1,been shown to
3,1,shown to be
3,1,to be wildly
3,1,be wildly high
3,1,birthright citizenship is
3,1,citizenship is an
3,1,attack on immigration
3,1,on immigration itself
3,1,immigration itself echoing
3,1,itself echoing people
3,1,echoing people like
3,1,people like hungary's
3,1,like hungary's prime
3,1,orban who insists
3,1,who insists that
3,1,insists that immigration
3,1,that immigration weakens
3,1,immigration weakens a
3,1,weakens a nation
3,1,nation by diluting
3,1,by diluting its
3,1,diluting its native
3,1,its native born
3,1,native born people
3,1,born people with
3,1,people with outsiders
3,1,idea of birthright
3,1,birthright citizenship as
3,1,citizenship as a
3,1,as a historical
3,1,historical myth is
3,1,myth is a
3,1,is a perversion
3,1,a perversion of
3,1,perversion of our
3,1,in the nineteenth
3,1,the nineteenth century
3,1,nineteenth century the
3,1,century the united
3,1,united states enshrined
3,1,states enshrined in
3,1,enshrined in its
3,1,in its fundamental
3,1,its fundamental law
3,1,fundamental law the
3,1,law the idea
3,1,that there would
3,1,there would not
3,1,would not be
3,1,not be different
3,1,be different levels
3,1,different levels of
3,1,levels of citizenship
3,1,of citizenship in
3,1,citizenship in this
3,1,in this country
3,1,although not honored
3,1,not honored in
3,1,honored in practice
3,1,in practice that
3,1,practice that idea
3,1,that idea and
3,1,idea and its
3,1,and its place
3,1,its place in
3,1,place in the
3,1,in the law
3,1,the law gave
3,1,law gave those
3,1,gave those excluded
3,1,those excluded from
3,1,excluded from it
3,1,from it the
3,1,it the language
3,1,the language and
3,1,language and the
3,1,and the tools
3,1,the tools to
3,1,tools to fight
3,1,to fight for
3,1,fight for equality
3,1,over time they
3,1,time they have
3,1,they have increasingly
3,1,have increasingly expanded
3,1,increasingly expanded those
3,1,expanded those included
3,1,those included in
3,1,included in it
3,1,republican party organized
3,1,party organized in
3,1,organized in the
3,1,1850s to fight
3,1,to fight the
3,1,fight the idea
3,1,that there should
3,1,there should be
3,1,should be different
3,1,be different classes
3,1,different classes of
3,1,classes of americans
3,1,of americans based
3,1,americans based on
3,1,based on race
3,1,on race not
3,1,race not only
3,1,not only black
3,1,only black americans
3,1,black americans but
3,1,americans but also
3,1,but also irish
3,1,also irish chinese
3,1,irish chinese mexican
3,1,chinese mexican and
3,1,mexican and indigenous
3,1,and indigenous americans
3,1,indigenous americans faced
3,1,americans faced discriminatory
3,1,faced discriminatory state
3,1,discriminatory state laws
3,1,republicans stated explicitly
3,1,stated explicitly in
3,1,explicitly in their
3,1,in their 1860
3,1,their 1860 platform
3,1,1860 platform that
3,1,platform that they
3,1,they were opposed
3,1,were opposed to
3,1,opposed to any
3,1,to any change
3,1,any change in
3,1,change in our
3,1,in our naturalization
3,1,our naturalization laws
3,1,naturalization laws or
3,1,laws or any
3,1,or any state
3,1,any state legislation
3,1,state legislation by
3,1,legislation by which
3,1,by which the
3,1,which the rights
3,1,rights of citizens
3,1,of citizens hitherto
3,1,citizens hitherto accorded
3,1,hitherto accorded to
3,1,accorded to immigrants
3,1,to immigrants from
3,1,immigrants from foreign
3,1,from foreign lands
3,1,foreign lands shall
3,1,lands shall be
3,1,shall be abridged
3,1,be abridged or
3,1,abridged or impaired
3,1,or impaired and
3,1,impaired and in
3,1,and in favor
3,1,in favor of
3,1,favor of giving
3,1,of giving a
3,1,giving a full
3,1,a full and
3,1,full and efficient
3,1,and efficient protection
3,1,efficient protection to
3,1,protection to the
3,1,to the rights
3,1,rights of all
3,1,of all classes
3,1,all classes of
3,1,classes of citizens
3,1,of citizens whether
3,1,citizens whether native
3,1,whether native or
3,1,native or naturalized
3,1,or naturalized both
3,1,naturalized both at
3,1,and abroad in
3,1,abroad in 1868
3,1,in 1868 after
3,1,1868 after the
3,1,civil war had
3,1,war had ended
3,1,had ended the
3,1,ended the legal
3,1,the legal system
3,1,legal system of
3,1,system of human
3,1,human enslavement the
3,1,enslavement the american
3,1,american people added
3,1,people added to
3,1,added to the
3,1,the constitution the
3,1,constitution the fourteenth
3,1,fourteenth amendment whose
3,1,amendment whose very
3,1,whose very first
3,1,very first sentence
3,1,first sentence reads
3,1,sentence reads all
3,1,reads all persons
3,1,all persons born
3,1,persons born or
3,1,born or naturalized
3,1,or naturalized in
3,1,naturalized in the
3,1,states and subject
3,1,and subject to
3,1,subject to the
3,1,to the jurisdiction
3,1,the jurisdiction thereof
3,1,jurisdiction thereof are
3,1,thereof are citizens
3,1,are citizens of
3,1,states and of
3,1,and of the
3,1,the state wherein
3,1,state wherein they
3,1,wherein they reside
3,1,they reside congress
3,1,reside congress wrote
3,1,congress wrote that
3,1,wrote that sentence
3,1,that sentence to
3,1,sentence to overturn
3,1,overturn the 1857
3,1,the 1857 dred
3,1,1857 dred scott
3,1,dred scott v
3,1,scott v sandford
3,1,v sandford decision
3,1,sandford decision in
3,1,decision in which
3,1,in which the
3,1,which the supreme
3,1,the supreme court
3,1,supreme court ruled
3,1,court ruled that
3,1,ruled that people
3,1,that people of
3,1,people of african
3,1,of african descent
3,1,african descent are
3,1,descent are not
3,1,are not included
3,1,not included and
3,1,included and were
3,1,and were not
3,1,were not intended
3,1,not intended to
3,1,intended to be
3,1,to be included
3,1,be included under
3,1,included under the
3,1,under the word
3,1,the word citizens
3,1,word citizens in
3,1,citizens in the
3,1,in the constitution
3,1,the constitution and
3,1,constitution and can
3,1,and can therefore
3,1,can therefore claim
3,1,therefore claim none
3,1,claim none of
3,1,none of the
3,1,of the rights
3,1,rights and privileges
3,1,and privileges which
3,1,privileges which that
3,1,which that instrument
3,1,that instrument provides
3,1,instrument provides for
3,1,provides for and
3,1,for and secures
3,1,and secures to
3,1,secures to citizens
3,1,to citizens of
3,1,united states the
3,1,states the fourteenth
3,1,fourteenth amendment legally
3,1,amendment legally made
3,1,legally made black
3,1,made black men
3,1,black men citizens
3,1,men citizens equal
3,1,citizens equal to
3,1,to white men
3,1,but did it
3,1,did it include
3,1,it include the
3,1,include the children
3,1,the children of
3,1,in 1882 during
3,1,1882 during a
3,1,during a period
3,1,a period of
3,1,period of racist
3,1,of racist hysteria
3,1,racist hysteria the
3,1,hysteria the chinese
3,1,the chinese exclusion
3,1,chinese exclusion act
3,1,exclusion act declared
3,1,act declared that
3,1,declared that chinese
3,1,that chinese immigrants
3,1,chinese immigrants could
3,1,immigrants could not
3,1,could not become
3,1,not become citizens
3,1,but what about
3,1,what about their
3,1,about their children
3,1,their children who
3,1,children who were
3,1,who were born
3,1,were born in
3,1,kim ark was
3,1,ark was born
3,1,was born around
3,1,born around 1873
3,1,around 1873 the
3,1,1873 the child
3,1,the child of
3,1,child of chinese
3,1,of chinese parents
3,1,chinese parents who
3,1,parents who were
3,1,who were merchants
3,1,were merchants in
3,1,merchants in san
3,1,in san francisco
3,1,in 1889 he
3,1,1889 he traveled
3,1,he traveled with
3,1,traveled with his
3,1,with his parents
3,1,his parents when
3,1,parents when they
3,1,when they repatriated
3,1,they repatriated to
3,1,repatriated to china
3,1,to china where
3,1,china where he
3,1,where he married
3,1,he then returned
3,1,then returned to
3,1,returned to the
3,1,the us leaving
3,1,us leaving his
3,1,leaving his wife
3,1,his wife behind
3,1,wife behind and
3,1,behind and was
3,1,and was readmitted
3,1,after another trip
3,1,another trip to
3,1,trip to china
3,1,to china in
3,1,china in 1894
3,1,in 1894 though
3,1,1894 though customs
3,1,though customs officials
3,1,customs officials denied
3,1,officials denied him
3,1,denied him reentry
3,1,him reentry to
3,1,reentry to the
3,1,us in 1895
3,1,in 1895 claiming
3,1,1895 claiming he
3,1,claiming he was
3,1,he was a
3,1,was a chinese
3,1,a chinese subject
3,1,chinese subject because
3,1,subject because his
3,1,because his parents
3,1,his parents were
3,1,parents were chinese
3,1,wong sued and
3,1,sued and his
3,1,and his lawsuit
3,1,his lawsuit was
3,1,lawsuit was the
3,1,was the first
3,1,first to climb
3,1,to climb all
3,1,climb all the
3,1,all the way
3,1,the way to
3,1,way to the
3,1,the us supreme
3,1,us supreme court
3,1,supreme court thanks
3,1,court thanks to
3,1,thanks to the
3,1,to the government's
3,1,the government's recognition
3,1,government's recognition that
3,1,recognition that with
3,1,that with the
3,1,with the us
3,1,us in the
3,1,in the middle
3,1,the middle of
3,1,middle of an
3,1,of an immigration
3,1,an immigration boom
3,1,immigration boom the
3,1,boom the question
3,1,question of birthright
3,1,birthright citizenship must
3,1,citizenship must be
3,1,must be addressed
3,1,in the 1898
3,1,the 1898 us
3,1,1898 us v
3,1,us v wong
3,1,v wong kim
3,1,kim ark decision
3,1,ark decision the
3,1,decision the court
3,1,the court held
3,1,court held by
3,1,held by a
3,1,by a vote
3,1,a vote of
3,1,vote of 6-2
3,1,of 6-2 
3,1,6-2  
3,1,  that
3,1, that wong
3,1,that wong was
3,1,wong was a
3,1,was a citizen
3,1,a citizen because
3,1,citizen because he
3,1,because he was
3,1,he was born
3,1,was born in
3,1,that decision has
3,1,decision has stood
3,1,has stood ever
3,1,stood ever since
3,1,since as a
3,1,as a majority
3,1,of americans have
3,1,americans have recognized
3,1,have recognized the
3,1,recognized the principle
3,1,the principle behind
3,1,principle behind the
3,1,behind the citizenship
3,1,the citizenship clause
3,1,citizenship clause of
3,1,clause of the
3,1,of the fourteenth
3,1,fourteenth amendment as
3,1,amendment as the
3,1,as the one
3,1,the one central
3,1,one central to
3,1,central to the
3,1,united states that
3,1,states that all
3,1,that all men
3,1,men are created
3,1,are created equal
3,1,created equal and
3,1,equal and that
3,1,and that a
3,1,that a nation
3,1,a nation based
3,1,nation based on
3,1,based on that
3,1,on that idea
3,1,that idea draws
3,1,idea draws strength
3,1,draws strength from
3,1,strength from all
3,1,from all of
3,1,all of its
3,1,of its people
3,1,over time we
3,1,time we have
3,1,we have expanded
3,1,have expanded our
3,1,expanded our definition
3,1,our definition of
3,1,definition of who
3,1,of who is
3,1,who is included
3,1,is included in
3,1,included in that
3,1,in that equality
3,1,now the right
3,1,right wing is
3,1,wing is trying
3,1,trying to contract
3,1,to contract equality
3,1,contract equality again
3,1,equality again excluding
3,1,again excluding many
3,1,excluding many of
3,1,many of us
3,1,of us from
3,1,us from its
3,1,from its rights
3,1,its rights and
3,1,rights and duties
3,1,the dobbs v
3,1,dobbs v jackson
3,1,v jackson women's
3,1,jackson women's health
3,1,women's health decision
3,1,health decision makes
3,1,decision makes women
3,1,makes women a
3,1,women a separate
3,1,a separate and
3,1,separate and lesser
3,1,and lesser class
3,1,lesser class of
3,1,class of citizen
3,1,of citizen anti-lgbtq
3,1,citizen anti-lgbtq legislation
3,1,anti-lgbtq legislation denigrates
3,1,legislation denigrates sexual
3,1,denigrates sexual minorities
3,1,birthright citizenship makes
3,1,citizenship makes that
3,1,makes that attack
3,1,that attack on
3,1,attack on equality
3,1,on equality explicit
3,1,equality explicit calling
3,1,explicit calling equality
3,1,calling equality a
3,1,equality a myth
3,1,a myth and
3,1,myth and attempting
3,1,attempting to enshrine
3,1,to enshrine inequality
3,1,enshrine inequality as
3,1,inequality as the
3,1,as the only
3,1,the only real
3,1,only real theme
3,1,real theme of
3,1,theme of our
3,1,concept of equality
3,1,of equality means
3,1,equality means we
3,1,we all have
3,1,all have equal
3,1,have equal rights
3,1,it also means
3,1,also means we
3,1,we all owe
3,1,all owe an
3,1,owe an equal
3,1,an equal allegiance
3,1,equal allegiance to
3,1,allegiance to the
3,1,to the country
3,1,the country and
3,1,country and that
3,1,and that we
3,1,that we all
3,1,we all should
3,1,all should be
3,1,should be equal
3,1,be equal before
3,1,equal before the
3,1,the law principles
3,1,law principles the
3,1,principles the former
3,1,former president has
3,1,president has reason
3,1,has reason to
3,1,reason to dislike
3,1,today katelyn polantz
3,1,katelyn polantz paula
3,1,polantz paula reid
3,1,paula reid and
3,1,reid and kaitlan
3,1,and kaitlan collins
3,1,kaitlan collins of
3,1,collins of cnn
3,1,of cnn broke
3,1,cnn broke the
3,1,broke the story
3,1,story that federal
3,1,that federal prosecutors
3,1,federal prosecutors have
3,1,prosecutors have an
3,1,have an audio
3,1,an audio recording
3,1,audio recording of
3,1,recording of the
3,1,of the former
3,1,former president admitting
3,1,president admitting he
3,1,admitting he kept
3,1,he kept a
3,1,kept a classified
3,1,a classified pentagon
3,1,classified pentagon document
3,1,pentagon document about
3,1,document about a
3,1,about a potential
3,1,a potential attack
3,1,potential attack on
3,1,attack on iran
3,1,the material on
3,1,material on the
3,1,on the tape
3,1,the tape which
3,1,tape which was
3,1,which was recorded
3,1,was recorded at
3,1,recorded at his
3,1,at his bedminster
3,1,his bedminster new
3,1,bedminster new jersey
3,1,new jersey property
3,1,jersey property and
3,1,property and appears
3,1,appears to indicate
3,1,indicate that the
3,1,that the document
3,1,the document was
3,1,document was in
3,1,was in his
3,1,in his hands
3,1,his hands shows
3,1,hands shows that
3,1,shows that trump
3,1,that trump understood
3,1,trump understood he
3,1,understood he had
3,1,he had taken
3,1,had taken a
3,1,taken a classified
3,1,a classified document
3,1,classified document and
3,1,document and that
3,1,and that he
3,1,that he understood
3,1,he understood that
3,1,understood that there
3,1,that there were
3,1,there were limits
3,1,were limits to
3,1,limits to his
3,1,to his ability
3,1,his ability to
3,1,ability to declassify
3,1,to declassify records
3,1,the recording also
3,1,recording also appears
3,1,also appears to
3,1,appears to suggest
3,1,to suggest that
3,1,suggest that at
3,1,that at least
3,1,at least one
3,1,least one of
3,1,of the documents
3,1,the documents trump
3,1,documents trump took
3,1,trump took when
3,1,took when he
3,1,when he left
3,1,he left office
3,1,left office had
3,1,office had enormous
3,1,had enormous monetary
3,1,enormous monetary value
3,1,as former senior
3,1,former senior foreign
3,1,senior foreign service
3,1,foreign service member
3,1,service member luis
3,1,member luis moreno
3,1,luis moreno tweeted
3,1,moreno tweeted you
3,1,tweeted you can
3,1,you can bet
3,1,can bet that
3,1,bet that if
3,1,that if the
3,1,if the ts/sci
3,1,the ts/sci dox
3,1,ts/sci dox involved
3,1,dox involved military
3,1,involved military action
3,1,military action against
3,1,action against iran
3,1,against iran there
3,1,iran there would
3,1,there would be
3,1,would be a
3,1,be a couple
3,1,a couple of
3,1,couple of countries
3,1,of countries willing
3,1,countries willing to
3,1,willing to pay
3,1,to pay a
3,1,pay a king's
3,1,a king's ransom
3,1,king's ransom for
3,1,ransom for it
3,1,for it notes
3,1,it notes https://www.cnn.com/2023/05/31/politics/work-requirements-debt-ceiling-cbo/index.html
3,1,notes https://www.cnn.com/2023/05/31/politics/work-requirements-debt-ceiling-cbo/index.html https://www.washingtonpost.com/politics/2023/05/31/mccarthys-critics-shy-away-threat-oust-him
3,1,https://www.cnn.com/2023/05/31/politics/work-requirements-debt-ceiling-cbo/index.html https://www.washingtonpost.com/politics/2023/05/31/mccarthys-critics-shy-away-threat-oust-him https://www.politico.com/news/2023/05/29/desantis-debt-limit-deal-00099155
3,1,https://www.washingtonpost.com/politics/2023/05/31/mccarthys-critics-shy-away-threat-oust-him https://www.politico.com/news/2023/05/29/desantis-debt-limit-deal-00099155 https://talkingpointsmemo.com/edblog/the-diehards-fold
3,1,https://www.politico.com/news/2023/05/29/desantis-debt-limit-deal-00099155 https://talkingpointsmemo.com/edblog/the-diehards-fold https://www.reuters.com/article/us-usa-immigration-trump/trump-administration-rolls-out-new-rule-to-limit-birth-tourism-iduskbn1zm2g1
3,1,https://talkingpointsmemo.com/edblog/the-diehards-fold https://www.reuters.com/article/us-usa-immigration-trump/trump-administration-rolls-out-new-rule-to-limit-birth-tourism-iduskbn1zm2g1 https://www.thedailybeast.com/russians-flock-to-trump-properties-to-give-birth-to-us-citizens
3,1,https://www.reuters.com/article/us-usa-immigration-trump/trump-administration-rolls-out-new-rule-to-limit-birth-tourism-iduskbn1zm2g1 https://www.thedailybeast.com/russians-flock-to-trump-properties-to-give-birth-to-us-citizens https://www.cdc.gov/nchs/fastats/births.htm
3,1,https://www.thedailybeast.com/russians-flock-to-trump-properties-to-give-birth-to-us-citizens https://www.cdc.gov/nchs/fastats/births.htm https://www.niskanencenter.org/the-birth-tourism-bogeyman
3,1,https://www.cdc.gov/nchs/fastats/births.htm https://www.niskanencenter.org/the-birth-tourism-bogeyman https://twitter.com/noliewithbtc/status/1663967414617292801
3,1,https://www.niskanencenter.org/the-birth-tourism-bogeyman https://twitter.com/noliewithbtc/status/1663967414617292801 https://www.archives.gov/milestone-documents/chinese-exclusion-act
3,1,https://twitter.com/noliewithbtc/status/1663967414617292801 https://www.archives.gov/milestone-documents/chinese-exclusion-act https://www.presidency.ucsb.edu/documents/republican-party-platform-1860
3,1,https://www.archives.gov/milestone-documents/chinese-exclusion-act https://www.presidency.ucsb.edu/documents/republican-party-platform-1860 https://twitter.com/luismorenolg/status/1664034994245849089
3,1,https://www.presidency.ucsb.edu/documents/republican-party-platform-1860 https://twitter.com/luismorenolg/status/1664034994245849089 https://www.cnn.com/2023/05/31/politics/trump-tape-classified-document-iran-milley/index.html
3,1,https://twitter.com/luismorenolg/status/1664034994245849089 https://www.cnn.com/2023/05/31/politics/trump-tape-classified-document-iran-milley/index.html sean
3,1,https://www.cnn.com/2023/05/31/politics/trump-tape-classified-document-iran-milley/index.html sean hannity
3,1,sean hannity staff
3,1,hannity staff maga
3,1,staff maga promise
3,1,maga promise trump
3,1,promise trump vows
3,1,trump vows to
3,1,vows to end
3,1,to end birthright
3,1,birthright citizenship on
3,1,citizenship on day
3,1,day one watch
3,1,one watch at
3,1,watch at hannity
3,1,at hannity dot
3,1,hannity dot com
3,1,dot com may
3,1,com may 30
3,1,may 30 2023
3,1,https://www.archives.gov/milestone-documents/dred-scott-v-sandford https://www.law.cornell.edu/supremecourt/text/169/649 share
3,1,https://www.law.cornell.edu/supremecourt/text/169/649 share on
3,1,share on the
3,1,on the sunny
3,1,the sunny sunday
3,1,sunny sunday morning
3,1,sunday morning of
3,1,morning of december
3,1,of december 7
3,1,december 7 1941
3,1,7 1941 messman
3,1,1941 messman doris
3,1,messman doris miller
3,1,doris miller had
3,1,miller had served
3,1,had served breakfast
3,1,served breakfast aboard
3,1,breakfast aboard the
3,1,aboard the uss
3,1,the uss west
3,1,uss west virginia
3,1,"virginia , stationed"
3,1,", stationed in"
3,1,stationed in pearl
3,1,in pearl harbor
3,1,pearl harbor hawaii
3,1,harbor hawaii and
3,1,hawaii and was
3,1,and was collecting
3,1,was collecting laundry
3,1,collecting laundry when
3,1,laundry when the
3,1,when the first
3,1,the first of
3,1,first of nine
3,1,of nine japanese
3,1,nine japanese torpedoes
3,1,japanese torpedoes hit
3,1,torpedoes hit the
3,1,hit the ship
3,1,in the deadly
3,1,the deadly confusion
3,1,deadly confusion miller
3,1,confusion miller reported
3,1,miller reported to
3,1,reported to an
3,1,to an officer
3,1,an officer who
3,1,officer who told
3,1,who told him
3,1,told him to
3,1,him to help
3,1,to help move
3,1,help move the
3,1,move the ship's
3,1,the ship's 
3,1,ship's  mortally
3,1, mortally wounded
3,1,mortally wounded captain
3,1,wounded captain off
3,1,captain off the
3,1,off the bridge
3,1,unable to move
3,1,to move him
3,1,move him far
3,1,him far miller
3,1,far miller pulled
3,1,miller pulled the
3,1,pulled the captain
3,1,the captain to
3,1,captain to shelter
3,1,then another officer
3,1,another officer ordered
3,1,officer ordered miller
3,1,ordered miller to
3,1,miller to pass
3,1,to pass ammunition
3,1,pass ammunition to
3,1,ammunition to him
3,1,to him as
3,1,him as he
3,1,as he started
3,1,he started up
3,1,started up one
3,1,up one of
3,1,of the two
3,1,the two abandoned
3,1,two abandoned anti-aircraft
3,1,abandoned anti-aircraft guns
3,1,anti-aircraft guns in
3,1,guns in front
3,1,in front of
3,1,front of the
3,1,of the conning
3,1,the conning tower
3,1,miller had not
3,1,had not been
3,1,not been trained
3,1,been trained to
3,1,trained to use
3,1,use the weapons
3,1,the weapons because
3,1,weapons because as
3,1,because as a
3,1,as a black
3,1,a black man
3,1,black man in
3,1,man in the
3,1,us navy he
3,1,navy he was
3,1,he was assigned
3,1,assigned to serve
3,1,to serve the
3,1,serve the white
3,1,the white officers
3,1,but while the
3,1,while the officer
3,1,the officer was
3,1,officer was distracted
3,1,was distracted miller
3,1,distracted miller began
3,1,miller began to
3,1,began to fire
3,1,to fire one
3,1,fire one of
3,1,of the guns
3,1,he fired it
3,1,fired it until
3,1,it until he
3,1,until he ran
3,1,he ran out
3,1,ran out of
3,1,out of ammunition
3,1,then he helped
3,1,he helped to
3,1,helped to move
3,1,to move injured
3,1,move injured sailors
3,1,injured sailors to
3,1,sailors to safety
3,1,to safety before
3,1,safety before he
3,1,before he and
3,1,he and the
3,1,and the other
3,1,the other survivors
3,1,other survivors abandoned
3,1,survivors abandoned the
3,1,abandoned the west
3,1,the west virginia
3,1,"virginia , which"
3,1,", which sank"
3,1,which sank to
3,1,sank to the
3,1,to the bottom
3,1,bottom of pearl
3,1,of pearl harbor
3,1,that night the
3,1,night the united
3,1,united states declared
3,1,states declared war
3,1,war on japan
3,1,japan declared war
3,1,on america the
3,1,america the next
3,1,next day and
3,1,day and four
3,1,and four days
3,1,four days later
3,1,days later on
3,1,later on december
3,1,on december 11
3,1,december 11 1941
3,1,11 1941 both
3,1,1941 both italy
3,1,both italy and
3,1,and germany declared
3,1,germany declared war
3,1,the powers of
3,1,powers of the
3,1,of the steel
3,1,steel pact fascist
3,1,pact fascist italy
3,1,fascist italy and
3,1,italy and national
3,1,and national socialist
3,1,national socialist germany
3,1,socialist germany ever
3,1,germany ever closely
3,1,ever closely linked
3,1,closely linked participate
3,1,linked participate from
3,1,participate from today
3,1,from today on
3,1,today on the
3,1,on the side
3,1,the side of
3,1,side of heroic
3,1,of heroic japan
3,1,heroic japan against
3,1,japan against the
3,1,against the united
3,1,of america italian
3,1,america italian leader
3,1,italian leader benito
3,1,leader benito mussolini
3,1,benito mussolini said
3,1,mussolini said we
3,1,said we shall
3,1,we shall win
3,1,shall win of
3,1,win of course
3,1,of course they
3,1,course they would
3,1,mussolini and germany's
3,1,and germany's leader
3,1,germany's leader adolf
3,1,leader adolf hitler
3,1,adolf hitler believed
3,1,hitler believed the
3,1,believed the americans
3,1,the americans had
3,1,americans had been
3,1,had been corrupted
3,1,been corrupted by
3,1,corrupted by jews
3,1,by jews and
3,1,jews and black
3,1,and black americans
3,1,black americans and
3,1,americans and could
3,1,and could never
3,1,could never conquer
3,1,never conquer their
3,1,conquer their own
3,1,their own organized
3,1,own organized military
3,1,organized military machine
3,1,steel pact as
3,1,pact as mussolini
3,1,as mussolini called
3,1,mussolini called it
3,1,called it was
3,1,was the vanguard
3,1,the vanguard of
3,1,vanguard of his
3,1,of his new
3,1,his new political
3,1,new political ideology
3,1,that ideology was
3,1,ideology was called
3,1,was called fascism
3,1,called fascism and
3,1,fascism and he
3,1,and he and
3,1,he and hitler
3,1,and hitler thought
3,1,hitler thought it
3,1,thought it would
3,1,it would destroy
3,1,would destroy democracy
3,1,destroy democracy once
3,1,democracy once and
3,1,mussolini had been
3,1,had been a
3,1,been a socialist
3,1,a socialist as
3,1,socialist as a
3,1,as a young
3,1,a young man
3,1,young man and
3,1,man and had
3,1,and had grown
3,1,had grown terribly
3,1,grown terribly frustrated
3,1,terribly frustrated at
3,1,frustrated at how
3,1,at how hard
3,1,how hard it
3,1,hard it was
3,1,it was to
3,1,was to organize
3,1,to organize people
3,1,no matter how
3,1,matter how hard
3,1,how hard socialists
3,1,hard socialists tried
3,1,socialists tried they
3,1,tried they seemed
3,1,they seemed unable
3,1,seemed unable to
3,1,unable to convince
3,1,to convince ordinary
3,1,convince ordinary people
3,1,ordinary people that
3,1,people that they
3,1,that they must
3,1,they must rise
3,1,must rise up
3,1,rise up and
3,1,up and take
3,1,and take over
3,1,over the country's
3,1,the country's means
3,1,country's means of
3,1,means of production
3,1,the efficiency of
3,1,efficiency of world
3,1,war i inspired
3,1,i inspired mussolini
3,1,he gave up
3,1,gave up on
3,1,up on socialism
3,1,on socialism and
3,1,socialism and developed
3,1,and developed a
3,1,developed a new
3,1,new political theory
3,1,political theory that
3,1,theory that rejected
3,1,that rejected the
3,1,rejected the equality
3,1,the equality that
3,1,equality that defined
3,1,that defined democracy
3,1,he came to
3,1,believe that a
3,1,that a few
3,1,a few leaders
3,1,few leaders must
3,1,leaders must take
3,1,must take a
3,1,take a nation
3,1,a nation toward
3,1,nation toward progress
3,1,toward progress by
3,1,progress by directing
3,1,by directing the
3,1,directing the actions
3,1,the actions of
3,1,actions of the
3,1,of the rest
3,1,these men must
3,1,men must organize
3,1,must organize the
3,1,organize the people
3,1,the people as
3,1,people as they
3,1,as they had
3,1,they had been
3,1,had been organized
3,1,been organized during
3,1,organized during wartime
3,1,during wartime ruthlessly
3,1,wartime ruthlessly suppressing
3,1,ruthlessly suppressing all
3,1,suppressing all opposition
3,1,all opposition and
3,1,opposition and directing
3,1,and directing the
3,1,directing the economy
3,1,the economy so
3,1,economy so that
3,1,so that businessmen
3,1,that businessmen and
3,1,businessmen and politicians
3,1,and politicians worked
3,1,politicians worked together
3,1,and logically that
3,1,logically that select
3,1,that select group
3,1,select group of
3,1,group of leaders
3,1,of leaders would
3,1,leaders would elevate
3,1,would elevate a
3,1,elevate a single
3,1,a single man
3,1,single man who
3,1,man who would
3,1,who would become
3,1,would become an
3,1,become an all
3,1,an all powerful
3,1,all powerful dictator
3,1,to weld their
3,1,weld their followers
3,1,their followers into
3,1,followers into an
3,1,into an efficient
3,1,an efficient machine
3,1,efficient machine they
3,1,machine they demonized
3,1,they demonized opponents
3,1,demonized opponents into
3,1,opponents into an
3,1,into an other
3,1,an other that
3,1,other that their
3,1,that their followers
3,1,their followers could
3,1,followers could hate
3,1,italy adopted fascism
3,1,adopted fascism and
3,1,fascism and mussolini
3,1,and mussolini inspired
3,1,mussolini inspired others
3,1,inspired others notably
3,1,others notably germany's
3,1,notably germany's hitler
3,1,those leaders came
3,1,leaders came to
3,1,believe that their
3,1,that their system
3,1,their system was
3,1,system was the
3,1,was the ideology
3,1,of the future
3,1,the future and
3,1,future and they
3,1,and they set
3,1,they set out
3,1,out to destroy
3,1,destroy the messy
3,1,the messy inefficient
3,1,messy inefficient democracy
3,1,inefficient democracy that
3,1,democracy that stood
3,1,that stood in
3,1,stood in their
3,1,in their way
3,1,america fought world
3,1,fought world war
3,1,war ii to
3,1,ii to defend
3,1,to defend democracy
3,1,defend democracy from
3,1,democracy from fascism
3,1,and while fascism
3,1,while fascism preserved
3,1,fascism preserved hierarchies
3,1,preserved hierarchies in
3,1,hierarchies in society
3,1,in society democracy
3,1,society democracy called
3,1,democracy called on
3,1,called on all
3,1,on all people
3,1,all people as
3,1,people as equals
3,1,of the more
3,1,the more than
3,1,more than 16
3,1,than 16 million
3,1,16 million americans
3,1,million americans who
3,1,americans who served
3,1,who served in
3,1,served in the
3,1,the war more
3,1,war more than
3,1,more than 1.2
3,1,than 1.2 million
3,1,1.2 million were
3,1,million were african
3,1,were african american
3,1,african american men
3,1,american men and
3,1,and women 500000
3,1,women 500000 were
3,1,500000 were latinos
3,1,were latinos and
3,1,latinos and more
3,1,more than 550000
3,1,than 550000 jews
3,1,550000 jews were
3,1,jews were part
3,1,were part of
3,1,of the military
3,1,among the many
3,1,the many ethnic
3,1,many ethnic groups
3,1,ethnic groups who
3,1,groups who fought
3,1,who fought native
3,1,fought native americans
3,1,native americans served
3,1,americans served at
3,1,served at a
3,1,at a higher
3,1,a higher percentage
3,1,higher percentage than
3,1,percentage than any
3,1,than any other
3,1,any other ethnic
3,1,other ethnic group
3,1,ethnic group more
3,1,group more than
3,1,than a third
3,1,a third of
3,1,third of able
3,1,of able bodied
3,1,able bodied men
3,1,bodied men between
3,1,men between the
3,1,between the ages
3,1,the ages of
3,1,ages of 18
3,1,of 18 and
3,1,18 and 50
3,1,and 50 joined
3,1,50 joined the
3,1,joined the service
3,1,the service and
3,1,service and among
3,1,and among those
3,1,among those 25000
3,1,those 25000 soldiers
3,1,25000 soldiers were
3,1,soldiers were the
3,1,were the men
3,1,the men who
3,1,men who developed
3,1,who developed the
3,1,developed the famous
3,1,the famous code
3,1,famous code talk
3,1,code talk based
3,1,talk based in
3,1,based in tribal
3,1,in tribal languages
3,1,tribal languages that
3,1,languages that codebreakers
3,1,that codebreakers never
3,1,codebreakers never cracked
3,1,the american president
3,1,american president at
3,1,president at the
3,1,the time democrat
3,1,time democrat franklin
3,1,delano roosevelt hammered
3,1,roosevelt hammered home
3,1,hammered home that
3,1,home that the
3,1,that the war
3,1,the war was
3,1,war was about
3,1,was about the
3,1,about the survival
3,1,the survival of
3,1,survival of democracy
3,1,fascists insisted that
3,1,insisted that they
3,1,they were moving
3,1,were moving their
3,1,moving their country
3,1,their country forward
3,1,country forward fast
3,1,forward fast and
3,1,fast and efficiently
3,1,and efficiently claiming
3,1,efficiently claiming the
3,1,claiming the trains
3,1,the trains ran
3,1,trains ran on
3,1,ran on time
3,1,on time for
3,1,time for example
3,1,for example although
3,1,example although in
3,1,although in reality
3,1,in reality they
3,1,reality they didn't-but
3,1,they didn't-but fdr
3,1,didn't-but fdr constantly
3,1,fdr constantly noted
3,1,constantly noted that
3,1,that the people
3,1,the people in
3,1,people in italy
3,1,in italy and
3,1,and germany were
3,1,germany were begging
3,1,were begging for
3,1,begging for food
3,1,for food and
3,1,food and shelter
3,1,and shelter from
3,1,shelter from the
3,1,from the soldiers
3,1,the soldiers of
3,1,soldiers of democratic
3,1,of democratic countries
3,1,ultimately the struggle
3,1,the struggle between
3,1,struggle between fascism
3,1,between fascism and
3,1,fascism and democracy
3,1,and democracy was
3,1,democracy was the
3,1,was the question
3,1,question of equality
3,1,were all men
3,1,all men really
3,1,men really created
3,1,really created equal
3,1,created equal as
3,1,equal as the
3,1,as the declaration
3,1,the declaration of
3,1,declaration of independence
3,1,of independence said
3,1,independence said or
3,1,said or were
3,1,or were some
3,1,were some born
3,1,some born to
3,1,born to lead
3,1,to lead the
3,1,lead the rest
3,1,the rest whom
3,1,rest whom they
3,1,whom they held
3,1,they held subservient
3,1,held subservient to
3,1,subservient to their
3,1,to their will
3,1,democracy fdr reminded
3,1,fdr reminded americans
3,1,reminded americans again
3,1,americans again and
3,1,again and again
3,1,and again was
3,1,again was the
3,1,was the best
3,1,the best possible
3,1,best possible government
3,1,thanks to armies
3,1,to armies made
3,1,armies made up
3,1,up of men
3,1,of men and
3,1,and women from
3,1,women from all
3,1,from all races
3,1,all races and
3,1,races and ethnicities
3,1,and ethnicities the
3,1,ethnicities the allies
3,1,the allies won
3,1,allies won the
3,1,won the war
3,1,the war against
3,1,war against fascism
3,1,against fascism and
3,1,fascism and it
3,1,and it seemed
3,1,it seemed that
3,1,seemed that democracy
3,1,that democracy would
3,1,democracy would dominate
3,1,dominate the world
3,1,the world forever
3,1,but as the
3,1,as the impulse
3,1,the impulse of
3,1,impulse of wwii
3,1,of wwii pushed
3,1,wwii pushed americans
3,1,pushed americans toward
3,1,americans toward a
3,1,toward a more
3,1,a more just
3,1,more just and
3,1,just and inclusive
3,1,and inclusive society
3,1,inclusive society after
3,1,society after it
3,1,after it those
3,1,it those determined
3,1,those determined not
3,1,determined not to
3,1,not to share
3,1,to share power
3,1,share power warned
3,1,power warned their
3,1,warned their supporters
3,1,their supporters that
3,1,supporters that including
3,1,that including people
3,1,including people of
3,1,of color and
3,1,color and women
3,1,and women as
3,1,women as equals
3,1,as equals in
3,1,equals in society
3,1,in society would
3,1,society would threaten
3,1,would threaten their
3,1,threaten their own
3,1,their own liberty
3,1,those reactionary leaders
3,1,reactionary leaders rode
3,1,leaders rode that
3,1,rode that fear
3,1,that fear into
3,1,fear into control
3,1,into control of
3,1,control of our
3,1,of our government
3,1,our government and
3,1,government and gradually
3,1,and gradually they
3,1,gradually they chipped
3,1,they chipped away
3,1,chipped away the
3,1,away the laws
3,1,the laws that
3,1,laws that protected
3,1,that protected equality
3,1,now once again
3,1,once again democracy
3,1,again democracy is
3,1,democracy is under
3,1,is under attack
3,1,under attack by
3,1,attack by those
3,1,by those who
3,1,those who believe
3,1,who believe some
3,1,believe some people
3,1,some people are
3,1,people are better
3,1,are better than
3,1,better than others
3,1,the once grand
3,1,once grand republican
3,1,grand republican party
3,1,republican party has
3,1,party has been
3,1,has been captured
3,1,been captured by
3,1,captured by the
3,1,by the right
3,1,it has lined
3,1,has lined up
3,1,lined up behind
3,1,up behind former
3,1,behind former president
3,1,former president donald
3,1,president donald trump
3,1,donald trump and
3,1,trump and his
3,1,and his cronies
3,1,his cronies who
3,1,cronies who have
3,1,who have vowed
3,1,have vowed to
3,1,vowed to replace
3,1,to replace the
3,1,replace the nonpartisan
3,1,the nonpartisan civil
3,1,nonpartisan civil service
3,1,civil service with
3,1,service with loyalists
3,1,with loyalists and
3,1,loyalists and to
3,1,and to weaponize
3,1,to weaponize the
3,1,weaponize the department
3,1,of justice and
3,1,justice and the
3,1,and the military
3,1,the military against
3,1,military against those
3,1,against those they
3,1,those they perceive
3,1,they perceive as
3,1,perceive as enemies
3,1,they have promised
3,1,have promised to
3,1,promised to incarcerate
3,1,to incarcerate and
3,1,incarcerate and deport
3,1,and deport millions
3,1,deport millions of
3,1,millions of immigrants
3,1,of immigrants and
3,1,immigrants and children
3,1,and children of
3,1,of immigrants send
3,1,immigrants send federal
3,1,send federal troops
3,1,federal troops into
3,1,troops into democratic
3,1,into democratic cities
3,1,democratic cities ban
3,1,cities ban muslims
3,1,ban muslims silence
3,1,muslims silence lgbtq
3,1,silence lgbtq americans
3,1,lgbtq americans prosecute
3,1,americans prosecute journalists
3,1,prosecute journalists and
3,1,journalists and end
3,1,and end abortion
3,1,end abortion across
3,1,abortion across the
3,1,across the country
3,1,they will put
3,1,will put in
3,1,put in place
3,1,in place an
3,1,place an autocracy
3,1,an autocracy in
3,1,autocracy in which
3,1,in which a
3,1,which a powerful
3,1,a powerful leader
3,1,powerful leader and
3,1,leader and his
3,1,and his chosen
3,1,his chosen loyalists
3,1,chosen loyalists make
3,1,loyalists make the
3,1,make the rules
3,1,the rules under
3,1,rules under which
3,1,under which the
3,1,which the rest
3,1,rest of us
3,1,of us must
3,1,us must live
3,1,will we permit
3,1,we permit the
3,1,permit the destruction
3,1,destruction of american
3,1,of american democracy
3,1,american democracy on
3,1,democracy on our
3,1,on our watch
3,1,when america came
3,1,america came under
3,1,came under attack
3,1,under attack before
3,1,attack before people
3,1,before people like
3,1,doris miller refused
3,1,miller refused to
3,1,refused to let
3,1,to let that
3,1,let that happen
3,1,for all that
3,1,all that american
3,1,that american democracy
3,1,american democracy still
3,1,democracy still discriminated
3,1,still discriminated against
3,1,discriminated against him
3,1,against him it
3,1,him it gave
3,1,it gave him
3,1,gave him room
3,1,him room to
3,1,room to stand
3,1,stand up for
3,1,up for the
3,1,for the concept
3,1,concept of human
3,1,of human equality
3,1,human equality and
3,1,equality and he
3,1,and he laid
3,1,he laid down
3,1,laid down his
3,1,down his life
3,1,his life for
3,1,life for it
3,1,promoted to cook
3,1,to cook after
3,1,cook after the
3,1,after the navy
3,1,the navy sent
3,1,navy sent him
3,1,sent him on
3,1,him on a
3,1,on a publicity
3,1,a publicity tour
3,1,publicity tour miller
3,1,tour miller was
3,1,miller was assigned
3,1,assigned to a
3,1,to a new
3,1,a new ship
3,1,new ship the
3,1,ship the uss
3,1,the uss liscome
3,1,uss liscome bay
3,1,"liscome bay ,"
3,1,"bay , which"
3,1,", which was"
3,1,which was struck
3,1,was struck by
3,1,struck by a
3,1,by a japanese
3,1,a japanese torpedo
3,1,japanese torpedo on
3,1,torpedo on november
3,1,on november 24
3,1,november 24 1943
3,1,it sank within
3,1,sank within minutes
3,1,within minutes taking
3,1,minutes taking two
3,1,taking two thirds
3,1,of the crew
3,1,the crew including
3,1,crew including miller
3,1,including miller with
3,1,miller with it
3,1,i hear a
3,1,hear a lot
3,1,a lot these
3,1,lot these days
3,1,these days about
3,1,days about how
3,1,about how american
3,1,how american democracy
3,1,american democracy is
3,1,democracy is doomed
3,1,is doomed and
3,1,doomed and the
3,1,and the reactionaries
3,1,the reactionaries will
3,1,reactionaries will win
3,1,but the beauty
3,1,the beauty of
3,1,beauty of our
3,1,of our system
3,1,our system is
3,1,system is that
3,1,is that it
3,1,that it gives
3,1,it gives us
3,1,gives us people
3,1,even better it
3,1,better it makes
3,1,it makes us
3,1,makes us people
3,1,notes https://en.wikipedia.org/wiki/italian_declaration_of_war_on_the_united_states https://www.nbcnews.com/politics/donald-trump/trump-retribution-agenda-government-workers-schedule-f-rcna78785
3,1,https://en.wikipedia.org/wiki/italian_declaration_of_war_on_the_united_states https://www.nbcnews.com/politics/donald-trump/trump-retribution-agenda-government-workers-schedule-f-rcna78785 https://www.cbsnews.com/news/donald-trump-weaponization-justice-department-political-opponents
3,1,https://www.nbcnews.com/politics/donald-trump/trump-retribution-agenda-government-workers-schedule-f-rcna78785 https://www.cbsnews.com/news/donald-trump-weaponization-justice-department-political-opponents https://www.theguardian.com/us-news/2023/oct/17/trump-muslim-ban-gaza-refugees
3,1,https://www.cbsnews.com/news/donald-trump-weaponization-justice-department-political-opponents https://www.theguardian.com/us-news/2023/oct/17/trump-muslim-ban-gaza-refugees https://www.voanews.com/a/trump-plans-to-deport-millions-if-he-is-re-elected-says-report/7351479.html
3,1,https://www.theguardian.com/us-news/2023/oct/17/trump-muslim-ban-gaza-refugees https://www.voanews.com/a/trump-plans-to-deport-millions-if-he-is-re-elected-says-report/7351479.html https://www.cnn.com/2023/11/11/politics/trump-stephen-miller-immigration-detention-deportation/index.html
3,1,https://www.voanews.com/a/trump-plans-to-deport-millions-if-he-is-re-elected-says-report/7351479.html https://www.cnn.com/2023/11/11/politics/trump-stephen-miller-immigration-detention-deportation/index.html https://www.nytimes.com/2023/11/11/us/politics/trump-2025-immigration-agenda.html
3,1,https://www.cnn.com/2023/11/11/politics/trump-stephen-miller-immigration-detention-deportation/index.html https://www.nytimes.com/2023/11/11/us/politics/trump-2025-immigration-agenda.html https://www.latimes.com/politics/story/2023-09-24/mcmanus-column-trump-second-term-agenda
3,1,https://www.nytimes.com/2023/11/11/us/politics/trump-2025-immigration-agenda.html https://www.latimes.com/politics/story/2023-09-24/mcmanus-column-trump-second-term-agenda https://www.axios.com/2023/11/13/trump-loyalists-2024-presidential-election
3,1,https://www.latimes.com/politics/story/2023-09-24/mcmanus-column-trump-second-term-agenda https://www.axios.com/2023/11/13/trump-loyalists-2024-presidential-election https://www.pbs.org/newshour/politics/trump-hints-at-expanding-domestic-role-for-the-military-within-the-u-s
3,1,https://www.axios.com/2023/11/13/trump-loyalists-2024-presidential-election https://www.pbs.org/newshour/politics/trump-hints-at-expanding-domestic-role-for-the-military-within-the-u-s https://www.theatlantic.com/magazine/archive/2024/01/trump-lgbtq-transgender-community-protections/676139
3,1,https://www.pbs.org/newshour/politics/trump-hints-at-expanding-domestic-role-for-the-military-within-the-u-s https://www.theatlantic.com/magazine/archive/2024/01/trump-lgbtq-transgender-community-protections/676139 https://www.nytimes.com/2023/12/05/us/politics/trump-kash-patel-journalists.html
3,1,https://www.theatlantic.com/magazine/archive/2024/01/trump-lgbtq-transgender-community-protections/676139 https://www.nytimes.com/2023/12/05/us/politics/trump-kash-patel-journalists.html https://apnews.com/article/trump-policies-agenda-election-2024-second-term-d656d8f08629a8da14a65c4075545e0f
3,1,https://www.nytimes.com/2023/12/05/us/politics/trump-kash-patel-journalists.html https://apnews.com/article/trump-policies-agenda-election-2024-second-term-d656d8f08629a8da14a65c4075545e0f share
3,1,https://apnews.com/article/trump-policies-agenda-election-2024-second-term-d656d8f08629a8da14a65c4075545e0f share when
3,1,share when asked
3,1,when asked at
3,1,asked at a
3,1,at a town
3,1,a town hall
3,1,town hall on
3,1,hall on wednesday
3,1,on wednesday to
3,1,wednesday to identify
3,1,to identify the
3,1,identify the cause
3,1,united states civil
3,1,states civil war
3,1,civil war presidential
3,1,war presidential candidate
3,1,presidential candidate and
3,1,candidate and former
3,1,and former governor
3,1,former governor of
3,1,governor of south
3,1,of south carolina
3,1,south carolina nikki
3,1,carolina nikki haley
3,1,nikki haley answered
3,1,haley answered that
3,1,answered that the
3,1,that the cause
3,1,the cause was
3,1,cause was basically
3,1,was basically how
3,1,basically how government
3,1,i think it
3,1,think it always
3,1,it always comes
3,1,always comes down
3,1,comes down to
3,1,down to the
3,1,to the role
3,1,role of government
3,1,of government and
3,1,government and what
3,1,and what the
3,1,what the rights
3,1,rights of the
3,1,the people are
3,1,and i will
3,1,i will always
3,1,will always stand
3,1,always stand by
3,1,stand by the
3,1,by the fact
3,1,fact that i
3,1,that i think
3,1,i think government
3,1,think government was
3,1,government was intended
3,1,was intended to
3,1,intended to secure
3,1,to secure the
3,1,secure the rights
3,1,rights and freedoms
3,1,and freedoms of
3,1,freedoms of the
3,1,the people haley
3,1,people haley has
3,1,haley has correctly
3,1,has correctly been
3,1,correctly been lambasted
3,1,been lambasted for
3,1,lambasted for her
3,1,for her rewriting
3,1,her rewriting of
3,1,rewriting of history
3,1,the vice president
3,1,vice president of
3,1,president of the
3,1,the confederacy alexander
3,1,confederacy alexander stephens
3,1,alexander stephens of
3,1,stephens of georgia
3,1,of georgia was
3,1,georgia was quite
3,1,was quite clear
3,1,quite clear about
3,1,clear about the
3,1,about the cause
3,1,stephens explicitly rejected
3,1,explicitly rejected the
3,1,rejected the idea
3,1,the idea embraced
3,1,idea embraced by
3,1,embraced by us
3,1,by us politicians
3,1,us politicians from
3,1,politicians from the
3,1,from the revolutionary
3,1,the revolutionary period
3,1,revolutionary period onward
3,1,period onward that
3,1,onward that human
3,1,that human enslavement
3,1,human enslavement was
3,1,enslavement was wrong
3,1,was wrong in
3,1,wrong in principle
3,1,"in principle ,"
3,1,"principle , socially"
3,1,", socially morally"
3,1,socially morally and
3,1,morally and politically
3,1,and politically instead
3,1,politically instead he
3,1,instead he declared
3,1,he declared our
3,1,declared our new
3,1,our new government
3,1,new government is
3,1,government is founded
3,1,is founded upon...the
3,1,founded upon...the great
3,1,upon...the great truth
3,1,great truth that
3,1,truth that the
3,1,that the negro
3,1,the negro is
3,1,negro is not
3,1,is not equal
3,1,not equal to
3,1,equal to the
3,1,to the white
3,1,the white man
3,1,white man that
3,1,man that slavery
3,1,that slavery subordination
3,1,slavery subordination to
3,1,subordination to the
3,1,to the superior
3,1,the superior race
3,1,superior race is
3,1,race is his
3,1,is his natural
3,1,his natural and
3,1,natural and normal
3,1,and normal condition
3,1,normal condition president
3,1,condition president joe
3,1,joe biden put
3,1,biden put the
3,1,put the cause
3,1,civil war even
3,1,even more succinctly
3,1,more succinctly it
3,1,succinctly it was
3,1,it was about
3,1,was about slavery
3,1,about slavery haley
3,1,slavery haley has
3,1,haley has been
3,1,has been backpedaling
3,1,been backpedaling ever
3,1,backpedaling ever since
3,1,since as well
3,1,well as suggesting
3,1,as suggesting that
3,1,suggesting that the
3,1,that the question
3,1,the question was
3,1,question was somehow
3,1,was somehow a
3,1,somehow a gotcha
3,1,a gotcha question
3,1,gotcha question from
3,1,question from a
3,1,from a democrat
3,1,a democrat as
3,1,democrat as if
3,1,as if it
3,1,if it was
3,1,it was a
3,1,was a difficult
3,1,a difficult question
3,1,difficult question to
3,1,question to answer
3,1,to answer but
3,1,answer but her
3,1,but her answer
3,1,her answer was
3,1,answer was not
3,1,was not simply
3,1,not simply bad
3,1,simply bad history
3,1,bad history or
3,1,history or an
3,1,or an unwillingness
3,1,an unwillingness to
3,1,unwillingness to offend
3,1,to offend potential
3,1,offend potential voters
3,1,potential voters as
3,1,voters as some
3,1,as some have
3,1,some have suggested
3,1,was the death
3,1,the death knell
3,1,death knell of
3,1,knell of the
3,1,that party formed
3,1,party formed in
3,1,formed in the
3,1,1850s to stand
3,1,to stand against
3,1,stand against what
3,1,against what was
3,1,what was known
3,1,was known as
3,1,as the slave
3,1,slave power a
3,1,power a small
3,1,a small group
3,1,small group of
3,1,group of elite
3,1,of elite enslavers
3,1,elite enslavers who
3,1,enslavers who had
3,1,who had come
3,1,come to dominate
3,1,to dominate first
3,1,dominate first the
3,1,first the democratic
3,1,the democratic party
3,1,democratic party and
3,1,party and then
3,1,and then through
3,1,then through it
3,1,through it the
3,1,it the presidency
3,1,the presidency supreme
3,1,presidency supreme court
3,1,supreme court and
3,1,court and senate
3,1,when northern democrats
3,1,northern democrats in
3,1,democrats in the
3,1,of representatives caved
3,1,representatives caved to
3,1,caved to pressure
3,1,to pressure to
3,1,pressure to allow
3,1,to allow enslavement
3,1,allow enslavement into
3,1,enslavement into western
3,1,into western lands
3,1,western lands from
3,1,lands from which
3,1,which it had
3,1,it had been
3,1,had been prohibited
3,1,been prohibited since
3,1,prohibited since 1820
3,1,since 1820 northerners
3,1,1820 northerners of
3,1,northerners of all
3,1,of all political
3,1,all political stripes
3,1,political stripes recognized
3,1,stripes recognized that
3,1,recognized that it
3,1,it was only
3,1,was only a
3,1,only a question
3,1,a question of
3,1,question of time
3,1,of time until
3,1,time until elite
3,1,until elite enslavers
3,1,elite enslavers took
3,1,enslavers took over
3,1,took over the
3,1,over the west
3,1,the west joined
3,1,west joined with
3,1,joined with lawmakers
3,1,with lawmakers from
3,1,lawmakers from southern
3,1,from southern slave
3,1,southern slave states
3,1,slave states overwhelmed
3,1,states overwhelmed the
3,1,overwhelmed the northern
3,1,the northern free
3,1,northern free states
3,1,free states in
3,1,of representatives and
3,1,representatives and made
3,1,and made enslavement
3,1,made enslavement national
3,1,so in 1854
3,1,in 1854 after
3,1,1854 after congress
3,1,after congress passed
3,1,congress passed the
3,1,passed the kansas
3,1,the kansas nebraska
3,1,kansas nebraska act
3,1,nebraska act that
3,1,act that allowed
3,1,that allowed the
3,1,allowed the spread
3,1,the spread of
3,1,spread of enslavement
3,1,of enslavement into
3,1,enslavement into previously
3,1,into previously protected
3,1,previously protected western
3,1,protected western lands
3,1,western lands northerners
3,1,lands northerners abandoned
3,1,northerners abandoned their
3,1,abandoned their old
3,1,their old parties
3,1,old parties and
3,1,parties and came
3,1,and came together
3,1,came together first
3,1,together first as
3,1,first as anti-nebraska
3,1,as anti-nebraska coalitions
3,1,anti-nebraska coalitions and
3,1,coalitions and then
3,1,and then by
3,1,then by 1856
3,1,by 1856 as
3,1,1856 as the
3,1,as the republican
3,1,at first their
3,1,first their only
3,1,their only goal
3,1,only goal was
3,1,goal was to
3,1,was to stop
3,1,to stop the
3,1,stop the slave
3,1,slave power but
3,1,power but in
3,1,but in 1859
3,1,in 1859 illinois
3,1,1859 illinois lawyer
3,1,illinois lawyer abraham
3,1,lawyer abraham lincoln
3,1,abraham lincoln articulated
3,1,lincoln articulated an
3,1,articulated an ideology
3,1,an ideology for
3,1,ideology for the
3,1,for the new
3,1,the new party
3,1,in contrast to
3,1,contrast to southern
3,1,to southern democrats
3,1,southern democrats who
3,1,democrats who insisted
3,1,who insisted that
3,1,insisted that a
3,1,that a successful
3,1,a successful society
3,1,successful society required
3,1,society required leaders
3,1,required leaders to
3,1,leaders to dominate
3,1,to dominate workers
3,1,dominate workers and
3,1,workers and that
3,1,government must limit
3,1,must limit itself
3,1,limit itself to
3,1,itself to defending
3,1,to defending those
3,1,defending those leaders
3,1,those leaders because
3,1,leaders because its
3,1,because its only
3,1,its only domestic
3,1,only domestic role
3,1,domestic role was
3,1,role was the
3,1,was the protection
3,1,the protection of
3,1,protection of property
3,1,of property lincoln
3,1,property lincoln envisioned
3,1,lincoln envisioned a
3,1,a new kind
3,1,new kind of
3,1,kind of government
3,1,of government based
3,1,government based on
3,1,on a new
3,1,a new economy
3,1,lincoln saw a
3,1,saw a society
3,1,a society that
3,1,society that moved
3,1,that moved forward
3,1,moved forward thanks
3,1,forward thanks not
3,1,thanks not to
3,1,not to rich
3,1,to rich people
3,1,rich people but
3,1,people but to
3,1,but to the
3,1,to the innovation
3,1,the innovation of
3,1,innovation of men
3,1,of men just
3,1,such men produced
3,1,men produced more
3,1,produced more than
3,1,than they and
3,1,they and their
3,1,and their families
3,1,their families could
3,1,families could consume
3,1,could consume and
3,1,consume and their
3,1,and their accumulated
3,1,their accumulated capital
3,1,accumulated capital would
3,1,capital would employ
3,1,would employ shoemakers
3,1,employ shoemakers and
3,1,shoemakers and storekeepers
3,1,those businessmen in
3,1,businessmen in turn
3,1,in turn would
3,1,turn would support
3,1,would support a
3,1,support a few
3,1,a few industrialists
3,1,few industrialists who
3,1,industrialists who would
3,1,who would begin
3,1,would begin the
3,1,begin the cycle
3,1,the cycle again
3,1,cycle again by
3,1,again by hiring
3,1,by hiring other
3,1,hiring other men
3,1,other men just
3,1,rather than remaining
3,1,than remaining small
3,1,remaining small and
3,1,small and simply
3,1,and simply protecting
3,1,simply protecting property
3,1,protecting property lincoln
3,1,property lincoln and
3,1,lincoln and his
3,1,and his fellow
3,1,his fellow republicans
3,1,fellow republicans argued
3,1,republicans argued the
3,1,argued the government
3,1,the government should
3,1,government should clear
3,1,should clear the
3,1,clear the way
3,1,the way for
3,1,way for those
3,1,bottom of the
3,1,of the economy
3,1,the economy making
3,1,economy making sure
3,1,making sure they
3,1,sure they had
3,1,they had access
3,1,had access to
3,1,access to resources
3,1,to resources education
3,1,resources education and
3,1,education and the
3,1,and the internal
3,1,the internal improvements
3,1,internal improvements that
3,1,improvements that would
3,1,that would enable
3,1,would enable them
3,1,enable them to
3,1,them to reach
3,1,to reach markets
3,1,when the leaders
3,1,the confederacy seceded
3,1,confederacy seceded to
3,1,seceded to start
3,1,to start their
3,1,start their own
3,1,their own nation
3,1,own nation based
3,1,nation based in
3,1,based in their
3,1,in their own
3,1,their own hierarchical
3,1,own hierarchical society
3,1,hierarchical society the
3,1,society the republicans
3,1,the republicans in
3,1,republicans in charge
3,1,charge of the
3,1,united states government
3,1,states government were
3,1,government were free
3,1,were free to
3,1,free to put
3,1,to put their
3,1,put their theory
3,1,their theory into
3,1,theory into practice
3,1,for a nominal
3,1,a nominal fee
3,1,nominal fee they
3,1,fee they sold
3,1,they sold farmers
3,1,sold farmers land
3,1,farmers land that
3,1,land that the
3,1,the government in
3,1,government in the
3,1,the past would
3,1,past would have
3,1,would have sold
3,1,have sold to
3,1,sold to speculators
3,1,to speculators created
3,1,speculators created state
3,1,created state colleges
3,1,state colleges railroads
3,1,colleges railroads national
3,1,railroads national money
3,1,national money and
3,1,money and income
3,1,and income taxes
3,1,income taxes and
3,1,taxes and promoted
3,1,and promoted immigration
3,1,finally with the
3,1,with the civil
3,1,civil war over
3,1,war over and
3,1,over and the
3,1,and the union
3,1,the union restored
3,1,union restored on
3,1,restored on their
3,1,on their terms
3,1,their terms in
3,1,terms in 1865
3,1,in 1865 they
3,1,1865 they ended
3,1,they ended the
3,1,ended the institution
3,1,the institution of
3,1,institution of human
3,1,human enslavement except
3,1,enslavement except as
3,1,except as punishment
3,1,as punishment for
3,1,punishment for crime
3,1,for crime an
3,1,crime an important
3,1,an important exception
3,1,important exception and
3,1,exception and in
3,1,and in 1868
3,1,in 1868 they
3,1,1868 they added
3,1,they added the
3,1,added the fourteenth
3,1,fourteenth amendment to
3,1,the constitution to
3,1,constitution to make
3,1,make clear that
3,1,that the federal
3,1,federal government had
3,1,government had power
3,1,had power to
3,1,power to override
3,1,to override state
3,1,override state laws
3,1,state laws that
3,1,laws that enforced
3,1,that enforced inequality
3,1,enforced inequality among
3,1,inequality among different
3,1,among different americans
3,1,in 1870 they
3,1,1870 they created
3,1,they created the
3,1,created the department
3,1,of justice to
3,1,justice to ensure
3,1,to ensure that
3,1,ensure that all
3,1,that all american
3,1,all american citizens
3,1,american citizens enjoyed
3,1,citizens enjoyed the
3,1,enjoyed the equal
3,1,the equal protection
3,1,equal protection of
3,1,protection of the
3,1,of the laws
3,1,the years after
3,1,years after the
3,1,civil war the
3,1,war the republican
3,1,the republican vision
3,1,republican vision of
3,1,vision of a
3,1,of a harmony
3,1,a harmony of
3,1,harmony of economic
3,1,of economic interest
3,1,economic interest among
3,1,interest among all
3,1,among all americans
3,1,all americans quickly
3,1,americans quickly swung
3,1,quickly swung toward
3,1,swung toward the
3,1,toward the idea
3,1,idea of protecting
3,1,of protecting those
3,1,protecting those at
3,1,at the top
3,1,the top of
3,1,top of society
3,1,of society with
3,1,society with the
3,1,argument that industrial
3,1,that industrial leaders
3,1,industrial leaders were
3,1,leaders were the
3,1,were the ones
3,1,the ones who
3,1,ones who created
3,1,who created jobs
3,1,created jobs for
3,1,jobs for urban
3,1,for urban workers
3,1,ever since the
3,1,since the party
3,1,party has alternated
3,1,has alternated between
3,1,alternated between lincoln's
3,1,between lincoln's theory
3,1,lincoln's theory that
3,1,theory that the
3,1,government must work
3,1,must work for
3,1,work for those
3,1,the bottom and
3,1,bottom and the
3,1,and the theory
3,1,the theory of
3,1,theory of the
3,1,of the so
3,1,so called robber
3,1,called robber barons
3,1,robber barons who
3,1,barons who echoed
3,1,who echoed the
3,1,echoed the elite
3,1,the elite enslavers
3,1,elite enslavers idea
3,1,enslavers idea that
3,1,government must protect
3,1,must protect the
3,1,protect the wealthy
3,1,during the progressive
3,1,the progressive era
3,1,progressive era theodore
3,1,era theodore roosevelt
3,1,theodore roosevelt reclaimed
3,1,roosevelt reclaimed lincoln's
3,1,reclaimed lincoln's philosophy
3,1,lincoln's philosophy and
3,1,philosophy and argued
3,1,and argued for
3,1,argued for a
3,1,for a strong
3,1,strong government to
3,1,government to rein
3,1,to rein in
3,1,rein in the
3,1,in the industrialists
3,1,the industrialists and
3,1,industrialists and financiers
3,1,and financiers who
3,1,financiers who dominated
3,1,who dominated society
3,1,dominated society a
3,1,society a half
3,1,a half century
3,1,half century later
3,1,century later dwight
3,1,later dwight eisenhower
3,1,dwight eisenhower followed
3,1,eisenhower followed the
3,1,followed the lead
3,1,the lead of
3,1,lead of democrat
3,1,of democrat franklin
3,1,delano roosevelt and
3,1,roosevelt and used
3,1,and used the
3,1,government to regulate
3,1,to regulate business
3,1,regulate business provide
3,1,business provide a
3,1,provide a basic
3,1,safety net promote
3,1,net promote infrastructure
3,1,promote infrastructure and
3,1,infrastructure and protect
3,1,and protect civil
3,1,protect civil rights
3,1,after each progressive
3,1,each progressive president
3,1,progressive president the
3,1,president the party
3,1,the party swung
3,1,party swung toward
3,1,swung toward protecting
3,1,toward protecting property
3,1,in the modern
3,1,the modern era
3,1,modern era the
3,1,era the swing
3,1,the swing begun
3,1,swing begun under
3,1,begun under richard
3,1,under richard nixon
3,1,richard nixon gained
3,1,nixon gained momentum
3,1,gained momentum with
3,1,momentum with the
3,1,with the election
3,1,election of ronald
3,1,of ronald reagan
3,1,ronald reagan in
3,1,reagan in 1980
3,1,since then the
3,1,then the party
3,1,party has focused
3,1,focused on deregulation
3,1,on deregulation tax
3,1,deregulation tax cuts
3,1,tax cuts privatization
3,1,cuts privatization and
3,1,privatization and taking
3,1,and taking power
3,1,taking power away
3,1,power away from
3,1,from the federal
3,1,federal government and
3,1,government and turning
3,1,and turning it
3,1,turning it back
3,1,it back over
3,1,back over to
3,1,over to the
3,1,to the states
3,1,the states while
3,1,states while maintaining
3,1,while maintaining that
3,1,maintaining that market
3,1,that market forces
3,1,market forces rather
3,1,forces rather than
3,1,rather than government
3,1,than government policies
3,1,government policies should
3,1,policies should drive
3,1,should drive society
3,1,but those ideas
3,1,those ideas were
3,1,ideas were not
3,1,were not generally
3,1,not generally popular
3,1,generally popular so
3,1,popular so to
3,1,so to win
3,1,to win elections
3,1,win elections the
3,1,elections the party
3,1,the party welcomed
3,1,party welcomed white
3,1,welcomed white evangelical
3,1,white evangelical christians
3,1,evangelical christians into
3,1,christians into a
3,1,into a coalition
3,1,a coalition promising
3,1,coalition promising them
3,1,promising them legislation
3,1,them legislation that
3,1,legislation that would
3,1,that would restore
3,1,would restore traditional
3,1,restore traditional society
3,1,traditional society relegating
3,1,society relegating women
3,1,relegating women and
3,1,women and people
3,1,and people of
3,1,of color back
3,1,color back to
3,1,back to the
3,1,to the subservience
3,1,the subservience the
3,1,subservience the law
3,1,the law enforced
3,1,law enforced before
3,1,enforced before the
3,1,before the 1950s
3,1,it seems they
3,1,seems they never
3,1,they never really
3,1,never really intended
3,1,really intended for
3,1,intended for that
3,1,for that party
3,1,that party base
3,1,party base to
3,1,base to gain
3,1,to gain control
3,1,the small government
3,1,small government idea
3,1,government idea was
3,1,idea was the
3,1,was the party's
3,1,the party's philosophy
3,1,party's philosophy when
3,1,philosophy when donald
3,1,when donald trump
3,1,donald trump came
3,1,trump came down
3,1,came down the
3,1,down the escalator
3,1,the escalator in
3,1,escalator in june
3,1,in june 2015
3,1,june 2015 to
3,1,2015 to announce
3,1,to announce he
3,1,announce he was
3,1,he was running
3,1,was running for
3,1,running for president
3,1,for president and
3,1,and his 2017
3,1,his 2017 tax
3,1,2017 tax cuts
3,1,tax cuts for
3,1,cuts for corporations
3,1,for corporations and
3,1,corporations and the
3,1,and the wealthy
3,1,the wealthy indicated
3,1,wealthy indicated he
3,1,indicated he would
3,1,he would follow
3,1,would follow in
3,1,follow in that
3,1,in that vein
3,1,but his presidency
3,1,his presidency quickly
3,1,presidency quickly turned
3,1,quickly turned the
3,1,turned the republican
3,1,republican base into
3,1,base into a
3,1,into a right
3,1,a right wing
3,1,wing movement loyal
3,1,movement loyal to
3,1,loyal to trump
3,1,to trump himself
3,1,trump himself and
3,1,himself and he
3,1,and he was
3,1,he was both
3,1,was both eager
3,1,both eager to
3,1,eager to get
3,1,to get away
3,1,get away from
3,1,away from legal
3,1,from legal trouble
3,1,legal trouble and
3,1,trouble and impeachments
3,1,and impeachments and
3,1,impeachments and determined
3,1,and determined to
3,1,determined to exact
3,1,to exact revenge
3,1,exact revenge on
3,1,on those who
3,1,those who did
3,1,who did not
3,1,did not do
3,1,not do his
3,1,do his bidding
3,1,the power in
3,1,power in the
3,1,in the party
3,1,the party shifted
3,1,party shifted from
3,1,shifted from those
3,1,from those trying
3,1,those trying to
3,1,trying to protect
3,1,to protect wealthy
3,1,protect wealthy americans
3,1,wealthy americans to
3,1,americans to trump
3,1,to trump who
3,1,trump who increasingly
3,1,who increasingly aligned
3,1,increasingly aligned with
3,1,aligned with foreign
3,1,with foreign autocrats
3,1,that realignment has
3,1,realignment has taken
3,1,has taken off
3,1,taken off since
3,1,off since trump
3,1,since trump left
3,1,trump left office
3,1,left office in
3,1,office in 2021
3,1,in 2021 and
3,1,2021 and his
3,1,and his base
3,1,his base wrested
3,1,base wrested power
3,1,wrested power from
3,1,power from the
3,1,from the party's
3,1,the party's former
3,1,party's former leaders
3,1,leaders in trump's
3,1,in trump's right
3,1,trump's right wing
3,1,wing movement have
3,1,movement have increasingly
3,1,have increasingly embraced
3,1,increasingly embraced the
3,1,embraced the concept
3,1,concept of illiberal
3,1,christian democracy as
3,1,democracy as articulated
3,1,as articulated by
3,1,articulated by russian
3,1,by russian autocrat
3,1,russian autocrat vladimir
3,1,autocrat vladimir putin
3,1,vladimir putin or
3,1,putin or hungary's
3,1,or hungary's prime
3,1,orban who has
3,1,who has demolished
3,1,has demolished hungary's
3,1,demolished hungary's democracy
3,1,hungary's democracy and
3,1,democracy and replaced
3,1,and replaced it
3,1,replaced it with
3,1,it with a
3,1,with a dictatorship
3,1,on the campaign
3,1,the campaign trail
3,1,campaign trail lately
3,1,trail lately trump
3,1,lately trump has
3,1,trump has taken
3,1,has taken to
3,1,taken to echoing
3,1,to echoing putin
3,1,echoing putin and
3,1,putin and orban
3,1,and orban directly
3,1,those leaders insist
3,1,leaders insist that
3,1,insist that the
3,1,that the equality
3,1,the equality at
3,1,equality at the
3,1,heart of democracy
3,1,of democracy destroys
3,1,democracy destroys a
3,1,destroys a nation
3,1,nation by welcoming
3,1,by welcoming immigrants
3,1,welcoming immigrants which
3,1,immigrants which undermines
3,1,which undermines national
3,1,undermines national purity
3,1,national purity and
3,1,purity and by
3,1,and by treating
3,1,by treating women
3,1,treating women minorities
3,1,women minorities and
3,1,lgbtq people as
3,1,people as equal
3,1,as equal to
3,1,to white heteronormative
3,1,white heteronormative men
3,1,their focus on
3,1,focus on what
3,1,on what they
3,1,what they call
3,1,they call traditional
3,1,call traditional values
3,1,traditional values has
3,1,values has won
3,1,has won staunch
3,1,won staunch supporters
3,1,staunch supporters among
3,1,supporters among the
3,1,among the right
3,1,right wing white
3,1,wing white evangelical
3,1,white evangelical community
3,1,evangelical community in
3,1,community in the
3,1,the us ironically
3,1,us ironically maga
3,1,ironically maga republicans
3,1,maga republicans whose
3,1,republicans whose name
3,1,whose name comes
3,1,name comes from
3,1,comes from trump's
3,1,from trump's promise
3,1,trump's promise to
3,1,promise to make
3,1,to make america
3,1,make america great
3,1,america great again
3,1,great again want
3,1,again want the
3,1,want the united
3,1,of america one
3,1,america one of
3,1,the world's great
3,1,world's great superpowers
3,1,great superpowers to
3,1,superpowers to sign
3,1,to sign onto
3,1,sign onto the
3,1,onto the program
3,1,the program of
3,1,program of a
3,1,of a landlocked
3,1,a landlocked country
3,1,landlocked country of
3,1,country of fewer
3,1,of fewer than
3,1,fewer than 10
3,1,than 10 million
3,1,10 million people
3,1,million people in
3,1,people in central
3,1,in central europe
3,1,maga's determination to
3,1,determination to impose
3,1,to impose white
3,1,impose white christian
3,1,white christian nationalism
3,1,christian nationalism on
3,1,nationalism on the
3,1,on the united
3,1,of america is
3,1,america is a
3,1,is a rejection
3,1,a rejection of
3,1,rejection of the
3,1,of the ideology
3,1,republican party in
3,1,party in all
3,1,in all its
3,1,all its phases
3,1,rather than either
3,1,than either an
3,1,either an active
3,1,an active government
3,1,active government that
3,1,government that defends
3,1,that defends equal
3,1,defends equal rights
3,1,equal rights and
3,1,rights and opportunity
3,1,and opportunity or
3,1,opportunity or a
3,1,or a small
3,1,a small government
3,1,small government that
3,1,government that protects
3,1,that protects property
3,1,protects property and
3,1,property and relies
3,1,and relies on
3,1,relies on market
3,1,on market forces
3,1,market forces which
3,1,forces which republicans
3,1,which republicans stood
3,1,republicans stood for
3,1,stood for as
3,1,for as recently
3,1,as recently as
3,1,recently as eight
3,1,as eight years
3,1,eight years ago
3,1,years ago today's
3,1,ago today's 
3,1,today's  republicans
3,1, republicans advocate
3,1,republicans advocate a
3,1,advocate a strong
3,1,strong government that
3,1,government that imposes
3,1,that imposes religious
3,1,imposes religious rules
3,1,religious rules on
3,1,rules on society
3,1,they back strict
3,1,back strict abortion
3,1,strict abortion bans
3,1,abortion bans book
3,1,bans book bans
3,1,book bans and
3,1,bans and attacks
3,1,and attacks on
3,1,attacks on minorities
3,1,on minorities and
3,1,last year florida
3,1,year florida governor
3,1,ron desantis directly
3,1,desantis directly used
3,1,directly used the
3,1,used the state
3,1,the state government
3,1,state government to
3,1,government to threaten
3,1,to threaten disney
3,1,threaten disney into
3,1,disney into complying
3,1,into complying with
3,1,complying with his
3,1,with his anti-lgbtq
3,1,his anti-lgbtq stance
3,1,anti-lgbtq stance rather
3,1,stance rather than
3,1,rather than reacting
3,1,than reacting to
3,1,reacting to popular
3,1,to popular support
3,1,popular support for
3,1,support for lgbtq
3,1,for lgbtq rights
3,1,missouri attorney general
3,1,attorney general andrew
3,1,general andrew bailey
3,1,andrew bailey early
3,1,bailey early this
3,1,early this month
3,1,this month used
3,1,month used the
3,1,government to go
3,1,to go after
3,1,go after political
3,1,after political opposition
3,1,political opposition launching
3,1,opposition launching an
3,1,launching an investigation
3,1,an investigation into
3,1,investigation into media
3,1,into media matters
3,1,media matters for
3,1,matters for america
3,1,for america after
3,1,america after the
3,1,after the watchdog
3,1,the watchdog organization
3,1,watchdog organization reported
3,1,organization reported that
3,1,reported that the
3,1,that the social
3,1,the social media
3,1,social media platform
3,1,media platform x
3,1,platform x was
3,1,x was placing
3,1,was placing advertising
3,1,placing advertising next
3,1,advertising next to
3,1,next to antisemitic
3,1,to antisemitic content
3,1,i'm  fighting
3,1, fighting to
3,1,fighting to ensure
3,1,to ensure progressive
3,1,ensure progressive tyrants
3,1,progressive tyrants masquerading
3,1,tyrants masquerading as
3,1,masquerading as news
3,1,as news outlets
3,1,news outlets cannot
3,1,outlets cannot 
3,1,cannot  manipulate
3,1, manipulate the
3,1,manipulate the marketplace
3,1,the marketplace in
3,1,marketplace in order
3,1,order to wipe
3,1,to wipe out
3,1,wipe out free
3,1,out free speech
3,1,free speech bailey
3,1,speech bailey said
3,1,domestically the new
3,1,the new ideology
3,1,new ideology of
3,1,ideology of maga
3,1,of maga means
3,1,maga means forcing
3,1,means forcing the
3,1,forcing the majority
3,1,the majority to
3,1,majority to live
3,1,to live under
3,1,live under the
3,1,under the rules
3,1,rules of a
3,1,of a small
3,1,a small minority
3,1,small minority internationally
3,1,minority internationally it
3,1,internationally it means
3,1,it means support
3,1,means support for
3,1,support for a
3,1,for a global
3,1,a global authoritarian
3,1,global authoritarian movement
3,1,maga republicans current
3,1,republicans current refusal
3,1,current refusal to
3,1,refusal to fund
3,1,to fund ukraine's
3,1,fund ukraine's war
3,1,ukraine's war against
3,1,war against russian
3,1,against russian aggression
3,1,russian aggression until
3,1,aggression until the
3,1,until the administration
3,1,the administration agrees
3,1,administration agrees to
3,1,agrees to draconian
3,1,to draconian immigration
3,1,draconian immigration laws
3,1,immigration laws which
3,1,laws which they
3,1,which they are
3,1,they are also
3,1,are also refusing
3,1,also refusing to
3,1,refusing to participate
3,1,to participate in
3,1,participate in crafting
3,1,in crafting is
3,1,crafting is not
3,1,is not only
3,1,not only a
3,1,only a gift
3,1,a gift to
3,1,gift to putin
3,1,it also suggests
3,1,also suggests to
3,1,suggests to any
3,1,to any foreign
3,1,any foreign government
3,1,foreign government that
3,1,government that us
3,1,that us foreign
3,1,us foreign policy
3,1,foreign policy is
3,1,policy is changeable
3,1,is changeable so
3,1,changeable so long
3,1,long as a
3,1,as a foreign
3,1,a foreign government
3,1,foreign government succeeds
3,1,government succeeds in
3,1,succeeds in influencing
3,1,in influencing us
3,1,influencing us lawmakers
3,1,under this system
3,1,this system american
3,1,system american global
3,1,american global leadership
3,1,global leadership will
3,1,leadership will no
3,1,will no longer
3,1,no longer be
3,1,longer be viable
3,1,when nikki haley
3,1,nikki haley said
3,1,haley said the
3,1,said the cause
3,1,civil war was
3,1,war was how
3,1,was how government
3,1, do she
3,1,do she did
3,1,she did more
3,1,did more than
3,1,more than avoid
3,1,than avoid the
3,1,avoid the word
3,1,the word slavery
3,1,word slavery to
3,1,slavery to pander
3,1,to pander to
3,1,pander to maga
3,1,to maga republicans
3,1,maga republicans who
3,1,republicans who refuse
3,1,who refuse to
3,1,refuse to recognize
3,1,to recognize the
3,1,recognize the role
3,1,role of race
3,1,of race in
3,1,race in shaping
3,1,in shaping our
3,1,shaping our history
3,1,she rejected the
3,1,rejected the long
3,1,the long and
3,1,long and once
3,1,and once grand
3,1,once grand history
3,1,grand history of
3,1,history of the
3,1,republican party and
3,1,party and announced
3,1,and announced its
3,1,announced its death
3,1,its death to
3,1,death to the
3,1,notes https://archive.org/details/alexanderhstephe6114clev/page/720/mode/2up p
3,1,721 https://twitter.com/joebiden/status/1740221284284256645 https://www.npr.org/2023/12/28/1221988690/nikki-haley-didnt-say-slavery-caused-the-civil-war-now-shes-facing-major-backlas
3,1,https://twitter.com/joebiden/status/1740221284284256645 https://www.npr.org/2023/12/28/1221988690/nikki-haley-didnt-say-slavery-caused-the-civil-war-now-shes-facing-major-backlas https://www.washingtonpost.com/elections/2023/12/16/trump-authoritarians-putin-orban-poisoning-blood
3,1,https://www.npr.org/2023/12/28/1221988690/nikki-haley-didnt-say-slavery-caused-the-civil-war-now-shes-facing-major-backlas https://www.washingtonpost.com/elections/2023/12/16/trump-authoritarians-putin-orban-poisoning-blood https://theconversation.com/as-russia-ramps-up-traditional-values-rhetoric-especially-against-lgbtq-groups-its-won-putin-far-right-fans-abroad-219102
3,1,https://www.washingtonpost.com/elections/2023/12/16/trump-authoritarians-putin-orban-poisoning-blood https://theconversation.com/as-russia-ramps-up-traditional-values-rhetoric-especially-against-lgbtq-groups-its-won-putin-far-right-fans-abroad-219102 https://thehill.com/homenews/4355644-missouri-ag-launches-investigation-of-media-matters
3,1,https://theconversation.com/as-russia-ramps-up-traditional-values-rhetoric-especially-against-lgbtq-groups-its-won-putin-far-right-fans-abroad-219102 https://thehill.com/homenews/4355644-missouri-ag-launches-investigation-of-media-matters share
3,1,https://thehill.com/homenews/4355644-missouri-ag-launches-investigation-of-media-matters share the
3,1,share the debt
3,1,ceiling crisis has
3,1,crisis has deflected
3,1,has deflected attention
3,1,deflected attention from
3,1,attention from actual
3,1,from actual work
3,1,actual work of
3,1,work of the
3,1,of the federal
3,1,federal government which
3,1,government which continues
3,1,the meeting of
3,1,meeting of the
3,1,of the group
3,1,the group of
3,1,group of seven
3,1,of seven g7
3,1,seven g7 in
3,1,g7 in hiroshima
3,1,in hiroshima japan
3,1,hiroshima japan which
3,1,japan which began
3,1,which began on
3,1,began on may
3,1,on may 19
3,1,may 19 and
3,1,19 and ended
3,1,and ended yesterday
3,1,ended yesterday emphasized
3,1,yesterday emphasized the
3,1,emphasized the biden
3,1,focus on preventing
3,1,on preventing the
3,1,preventing the rise
3,1,rise of dominant
3,1,of dominant authoritarian
3,1,dominant authoritarian powers
3,1,authoritarian powers by
3,1,powers by ruining
3,1,by ruining russia's
3,1,ruining russia's imperial
3,1,russia's imperial ambitions
3,1,imperial ambitions and
3,1,ambitions and by
3,1,and by creating
3,1,by creating regional
3,1,creating regional partnerships
3,1,regional partnerships to
3,1,partnerships to counter
3,1,to counter the
3,1,counter the rise
3,1,rise of china
3,1,the g7 is
3,1,g7 is a
3,1,is a forum
3,1,a forum made
3,1,forum made up
3,1,up of democracies
3,1,of democracies with
3,1,democracies with advanced
3,1,with advanced economies
3,1,advanced economies and
3,1,economies and includes
3,1,and includes canada
3,1,includes canada france
3,1,canada france germany
3,1,france germany italy
3,1,germany italy japan
3,1,italy japan the
3,1,japan the united
3,1,the united kingdom
3,1,united kingdom and
3,1,kingdom and the
3,1,and the united
3,1,the european union
3,1,european union is
3,1,union is also
3,1,is also a
3,1,also a member
3,1,the meeting demonstrated
3,1,meeting demonstrated the
3,1,demonstrated the strength
3,1,the strength of
3,1,strength of the
3,1,of the g7's
3,1,the g7's support
3,1,g7's support for
3,1,the leaders agreed
3,1,leaders agreed to
3,1,agreed to increase
3,1,to increase financial
3,1,increase financial and
3,1,financial and military
3,1,and military support
3,1,military support for
3,1,for the beleaguered
3,1,the beleaguered country
3,1,beleaguered country after
3,1,country after russia's
3,1,after russia's february
3,1,russia's february 2022
3,1,february 2022 invasion
3,1,g7 leaders also
3,1,leaders also announced
3,1,also announced they
3,1,announced they would
3,1,they would take
3,1,would take new
3,1,take new steps
3,1,new steps to
3,1,steps to isolate
3,1,to isolate russia
3,1,isolate russia economically
3,1,russia economically from
3,1,economically from the
3,1,from the rest
3,1,rest of the
3,1,the world thus
3,1,world thus weakening
3,1,thus weakening its
3,1,weakening its ability
3,1,its ability to
3,1,ability to wage
3,1,to wage war
3,1,new sanctions on
3,1,sanctions on more
3,1,on more than
3,1,more than 70
3,1,than 70 companies
3,1,70 companies and
3,1,companies and more
3,1,more than 300
3,1,than 300 individuals
3,1,300 individuals and
3,1,individuals and entities
3,1,and entities around
3,1,entities around the
3,1,around the globe
3,1,the globe are
3,1,globe are designed
3,1,are designed to
3,1,designed to close
3,1,to close off
3,1,close off the
3,1,off the loopholes
3,1,the loopholes and
3,1,loopholes and workarounds
3,1,and workarounds that
3,1,workarounds that have
3,1,that have enabled
3,1,have enabled russian
3,1,enabled russian president
3,1,president vladimir putin
3,1,vladimir putin to
3,1,putin to continue
3,1,to continue to
3,1,continue to raise
3,1,to raise money
3,1,hence russia's retaliatory
3,1,russia's retaliatory ban
3,1,retaliatory ban of
3,1,ban of those
3,1,those who have
3,1,who have stood
3,1,have stood in
3,1,stood in trump's
3,1,in trump's way
3,1,trump's way as
3,1,way as an
3,1,as an open
3,1,an open declaration
3,1,open declaration of
3,1,declaration of solidarity
3,1,of solidarity with
3,1,solidarity with trump
3,1,with trump who
3,1,trump who has
3,1,who has threatened
3,1,has threatened to
3,1,threatened to cut
3,1,to cut support
3,1,cut support for
3,1,for ukraine if
3,1,ukraine if he
3,1,if he regains
3,1,he regains power
3,1,regains power gathered
3,1,power gathered in
3,1,gathered in the
3,1,in the historic
3,1,the historic city
3,1,historic city of
3,1,city of hiroshima
3,1,of hiroshima where
3,1,hiroshima where an
3,1,where an american
3,1,an american b-29
3,1,american b-29 bomber
3,1,b-29 bomber dropped
3,1,bomber dropped an
3,1,dropped an atomic
3,1,an atomic bomb
3,1,atomic bomb on
3,1,bomb on august
3,1,on august 6
3,1,august 6 1945
3,1,6 1945 ultimately
3,1,1945 ultimately killing
3,1,ultimately killing more
3,1,killing more than
3,1,more than 140000
3,1,than 140000 people
3,1,140000 people members
3,1,people members of
3,1,members of the
3,1,the g7 condemned
3,1,g7 condemned putin's
3,1,condemned putin's threats
3,1,putin's threats to
3,1,threats to use
3,1,to use nuclear
3,1,use nuclear weapons
3,1,nuclear weapons against
3,1,weapons against ukraine
3,1,against ukraine and
3,1,ukraine and called
3,1,and called for
3,1,for a return
3,1,return to nuclear
3,1,to nuclear disarmament
3,1,g7 also said
3,1,also said it
3,1,it would hold
3,1,would hold russia
3,1,hold russia financially
3,1,russia financially accountable
3,1,financially accountable for
3,1,accountable for the
3,1,for the damage
3,1,the damage it
3,1,damage it has
3,1,it has done
3,1,has done to
3,1,done to ukraine
3,1,volodymyr zelensky was
3,1,zelensky was a
3,1,was a surprise
3,1,a surprise visitor
3,1,surprise visitor to
3,1,visitor to the
3,1,to the meeting
3,1,the meeting his
3,1,meeting his presence
3,1,his presence a
3,1,presence a powerful
3,1,a powerful illustration
3,1,powerful illustration to
3,1,illustration to putin
3,1,to putin that
3,1,putin that the
3,1,that the leaders
3,1,the g7 are
3,1,g7 are firmly
3,1,are firmly behind
3,1,firmly behind ukraine's
3,1,behind ukraine's cause
3,1,uk prime minister
3,1,prime minister rishi
3,1,minister rishi sunak
3,1,rishi sunak noted
3,1,sunak noted that
3,1,that the g7
3,1,the g7 was
3,1,g7 was briefly
3,1,was briefly the
3,1,briefly the g8
3,1,the g8 when
3,1,g8 when russia
3,1,when russia was
3,1,russia was a
3,1,was a member
3,1,a member before
3,1,member before being
3,1,before being expelled
3,1,being expelled in
3,1,expelled in 2014
3,1,in 2014 for
3,1,2014 for its
3,1,for its illegal
3,1,its illegal annexation
3,1,illegal annexation of
3,1,annexation of ukraine's
3,1,of ukraine's crimea
3,1,zelensky's presence sunak
3,1,presence sunak said
3,1,sunak said demonstrates
3,1,said demonstrates that
3,1,demonstrates that brute
3,1,that brute force
3,1,brute force and
3,1,force and oppression
3,1,and oppression will
3,1,oppression will not
3,1,will not triumph
3,1,not triumph over
3,1,triumph over freedom
3,1,over freedom and
3,1,freedom and sovereignty
3,1,and sovereignty g7
3,1,sovereignty g7 leaders
3,1,g7 leaders indicated
3,1,leaders indicated they
3,1,indicated they are
3,1,they are united
3,1,are united in
3,1,united in the
3,1,in the attempt
3,1,attempt to stand
3,1,stand up to
3,1,up to china
3,1,while they reiterated
3,1,they reiterated that
3,1,reiterated that their
3,1,that their countries
3,1,their countries will
3,1,countries will continue
3,1,will continue to
3,1,continue to trade
3,1,to trade with
3,1,with china they
3,1,china they vowed
3,1,they vowed to
3,1,vowed to push
3,1,to push to
3,1,push to establish
3,1,to establish a
3,1,establish a level
3,1,a level economic
3,1,level economic playing
3,1,economic playing field
3,1,playing field between
3,1,field between china
3,1,between china and
3,1,china and other
3,1,other countries and
3,1,countries and to
3,1,and to foster
3,1,to foster resilience
3,1,foster resilience to
3,1,resilience to economic
3,1,to economic coercion
3,1,economic coercion just
3,1,coercion just days
3,1,just days after
3,1,days after the
3,1,after the department
3,1,of justice charged
3,1,justice charged a
3,1,charged a chinese
3,1,a chinese national
3,1,chinese national as
3,1,national as well
3,1,well as two
3,1,as two russian
3,1,two russian people
3,1,russian people and
3,1,people and a
3,1,and a greek
3,1,a greek man
3,1,greek man working
3,1,man working for
3,1,working for russia
3,1,for russia with
3,1,russia with stealing
3,1,with stealing sensitive
3,1,stealing sensitive technologies
3,1,sensitive technologies the
3,1,technologies the g7
3,1,g7 also vowed
3,1,also vowed to
3,1,vowed to protect
3,1,to protect technologies
3,1,protect technologies that
3,1,technologies that could
3,1,that could threaten
3,1,could threaten our
3,1,threaten our national
3,1,our national security
3,1,the leaders also
3,1,leaders also expressed
3,1,also expressed concerns
3,1,expressed concerns about
3,1,concerns about china's
3,1,about china's record
3,1,china's record on
3,1,record on human
3,1,on human rights
3,1,human rights and
3,1,rights and called
3,1,and called on
3,1,called on china
3,1,on china not
3,1,china not to
3,1,not to conduct
3,1,to conduct interference
3,1,conduct interference activities
3,1,interference activities or
3,1,activities or undermine
3,1,or undermine the
3,1,undermine the integrity
3,1,the integrity of
3,1,integrity of our
3,1,of our democratic
3,1,our democratic institutions
3,1,democratic institutions the
3,1,institutions the meeting
3,1,the meeting also
3,1,meeting also demonstrated
3,1,also demonstrated support
3,1,demonstrated support for
3,1,support for regional
3,1,for regional partnerships
3,1,regional partnerships in
3,1,partnerships in the
3,1,in the indo
3,1,the indo pacific
3,1,indo pacific and
3,1,pacific and africa
3,1,and africa that
3,1,africa that will
3,1,that will counterbalance
3,1,will counterbalance china
3,1,the leaders included
3,1,leaders included in
3,1,included in their
3,1,in their deliberations
3,1,their deliberations guests
3,1,deliberations guests from
3,1,guests from australia
3,1,from australia brazil
3,1,australia brazil and
3,1,brazil and india
3,1,they also reached
3,1,also reached out
3,1,reached out to
3,1,out to countries
3,1,to countries in
3,1,countries in africa
3,1,in africa by
3,1,africa by including
3,1,by including comoros
3,1,including comoros an
3,1,comoros an island
3,1,island nation off
3,1,nation off southeastern
3,1,off southeastern africa
3,1,southeastern africa which
3,1,africa which is
3,1,which is currently
3,1,chairing the african
3,1,the african union
3,1,they included the
3,1,included the cook
3,1,the cook islands
3,1,cook islands an
3,1,islands an island
3,1,island nation in
3,1,nation in the
3,1,in the south
3,1,the south pacific
3,1,south pacific that
3,1,chairing the pacific
3,1,islands forum a
3,1,forum a group
3,1,group of 18
3,1,of 18 nations
3,1,18 nations including
3,1,nations including australia
3,1,including australia and
3,1,australia and new
3,1,and new zealand
3,1,and they included
3,1,they included key
3,1,included key g7
3,1,key g7 partners
3,1,g7 partners indonesia
3,1,partners indonesia vietnam
3,1,indonesia vietnam and
3,1,vietnam and the
3,1,and the republic
3,1,the republic of
3,1,republic of korea
3,1,the world bank
3,1,world bank an
3,1,bank an international
3,1,an international financial
3,1,international financial institution
3,1,financial institution with
3,1,institution with 189
3,1,with 189 member
3,1,189 member nations
3,1,member nations cooperating
3,1,nations cooperating to
3,1,cooperating to make
3,1,to make loans
3,1,make loans and
3,1,loans and grants
3,1,and grants to
3,1,grants to enable
3,1,to enable low
3,1,enable low and
3,1,income countries to
3,1,countries to develop
3,1,to develop capital
3,1,develop capital projects
3,1,capital projects was
3,1,projects was at
3,1,was at the
3,1,at the meeting
3,1,so were a
3,1,were a number
3,1,number of leaders
3,1,of leaders from
3,1,leaders from private
3,1,from private financial
3,1,private financial communications
3,1,financial communications and
3,1,communications and it
3,1,and it infrastructure
3,1,it infrastructure institutions
3,1,infrastructure institutions including
3,1,institutions including citi
3,1,including citi global
3,1,citi global infrastructure
3,1,global infrastructure partners
3,1,infrastructure partners japan
3,1,partners japan foreign
3,1,japan foreign trade
3,1,foreign trade council
3,1,trade council and
3,1,council and nokia
3,1,they discussed ways
3,1,discussed ways to
3,1,ways to unlock
3,1,to unlock public
3,1,unlock public and
3,1,public and private
3,1,and private capital
3,1,private capital to
3,1,capital to fund
3,1,to fund projects
3,1,fund projects in
3,1,projects in the
3,1,in the developing
3,1,the developing world
3,1,developing world as
3,1,world as part
3,1,as part of
3,1,part of a
3,1,of a way
3,1,a way to
3,1,way to relieve
3,1,to relieve the
3,1,relieve the mounting
3,1,the mounting debt
3,1,mounting debt obligations
3,1,debt obligations of
3,1,obligations of low
3,1,of low and
3,1,income countries often
3,1,countries often a
3,1,often a result
3,1,a result of
3,1,result of chinese
3,1,of chinese investment
3,1,chinese investment and
3,1,investment and to
3,1,and to counter
3,1,to counter chinese
3,1,counter chinese investment
3,1,chinese investment in
3,1,investment in those
3,1,in those regions
3,1,biden was supposed
3,1,was supposed to
3,1,to go from
3,1,go from hiroshima
3,1,from hiroshima to
3,1,hiroshima to australia
3,1,to australia for
3,1,australia for a
3,1,a meeting of
3,1,meeting of leaders
3,1,of leaders of
3,1,of the quadrilateral
3,1,the quadrilateral security
3,1,quadrilateral security dialogue
3,1,security dialogue known
3,1,dialogue known as
3,1,as the quad
3,1,the quad a
3,1,quad a strategic
3,1,a strategic security
3,1,strategic security group
3,1,security group that
3,1,group that includes
3,1,that includes australia
3,1,includes australia india
3,1,australia india japan
3,1,india japan and
3,1,japan and the
3,1,the us he
3,1,us he had
3,1,he had to
3,1,to cancel because
3,1,cancel because of
3,1,of the debt
3,1,ceiling crisis so
3,1,crisis so the
3,1,so the group
3,1,the group met
3,1,group met in
3,1,met in japan
3,1,in japan at
3,1,japan at the
3,1,at the g7
3,1,the g7 where
3,1,g7 where they
3,1,where they issued
3,1,they issued a
3,1,issued a statement
3,1,a statement reaffirming
3,1,statement reaffirming our
3,1,reaffirming our steadfast
3,1,our steadfast commitment
3,1,steadfast commitment to
3,1,commitment to a
3,1,to a free
3,1,a free and
3,1,free and open
3,1,and open indo
3,1,open indo pacific
3,1,indo pacific that
3,1,that is inclusive
3,1,is inclusive and
3,1,inclusive and resilient
3,1,we believe all
3,1,believe all countries
3,1,all countries have
3,1,countries have a
3,1,have a role
3,1,a role in
3,1,role in contributing
3,1,in contributing to
3,1,contributing to regional
3,1,to regional peace
3,1,regional peace stability
3,1,peace stability and
3,1,stability and prosperity
3,1,and prosperity as
3,1,prosperity as well
3,1,well as upholding
3,1,as upholding international
3,1,upholding international law
3,1,international law including
3,1,law including the
3,1,including the principles
3,1,the principles of
3,1,principles of sovereignty
3,1,of sovereignty and
3,1,sovereignty and territorial
3,1,and territorial integrity
3,1,territorial integrity and
3,1,integrity and the
3,1,and the rules
3,1,the rules based
3,1,we seek a
3,1,seek a region
3,1,a region where
3,1,region where no
3,1,where no country
3,1,no country dominates
3,1,country dominates and
3,1,dominates and no
3,1,and no country
3,1,no country is
3,1,country is dominated
3,1,is dominated one
3,1,dominated one where
3,1,one where all
3,1,where all countries
3,1,all countries are
3,1,countries are free
3,1,are free from
3,1,free from coercion
3,1,from coercion and
3,1,coercion and can
3,1,and can exercise
3,1,can exercise their
3,1,exercise their agency
3,1,their agency to
3,1,agency to determine
3,1,to determine their
3,1,determine their futures
3,1,their futures they
3,1,futures they said
3,1,they said they
3,1,said they see
3,1,they see the
3,1,see the association
3,1,the association of
3,1,association of southeast
3,1,of southeast asian
3,1,southeast asian nations
3,1,asian nations a
3,1,nations a political
3,1,a political and
3,1,political and economic
3,1,and economic group
3,1,economic group made
3,1,group made up
3,1,up of 10
3,1,of 10 member
3,1,10 member states
3,1,member states as
3,1,states as the
3,1,as the central
3,1,the central leader
3,1,central leader of
3,1,of the effort
3,1,effort to create
3,1,to create a
3,1,create a strong
3,1,a strong indo
3,1,strong indo pacific
3,1,indo pacific regional
3,1,pacific regional partnership
3,1,regional partnership and
3,1,partnership and they
3,1,and they reiterated
3,1,they reiterated their
3,1,reiterated their support
3,1,support for pacific
3,1,for pacific island
3,1,pacific island nations
3,1,island nations especially
3,1,nations especially those
3,1,especially those in
3,1,those in the
3,1,in the pacific
3,1,biden was also
3,1,was also supposed
3,1,also supposed to
3,1,to go to
3,1,go to papua
3,1,to papua new
3,1,papua new guinea
3,1,new guinea after
3,1,guinea after the
3,1,after the g7
3,1,the g7 for
3,1,g7 for a
3,1,a meeting with
3,1,meeting with the
3,1,with the leaders
3,1,of the pacific
3,1,islands forum but
3,1,forum but had
3,1,but had to
3,1,to cancel the
3,1,cancel the trip
3,1,the trip to
3,1,trip to come
3,1,to come home
3,1,come home and
3,1,home and deal
3,1,and deal with
3,1,deal with the
3,1,with the debt
3,1,secretary of state
3,1,of state antony
3,1,state antony blinken
3,1,antony blinken went
3,1,blinken went instead
3,1,went instead and
3,1,instead and today
3,1,and today signed
3,1,today signed a
3,1,signed a security
3,1,a security agreement
3,1,security agreement with
3,1,agreement with the
3,1,with the strategically
3,1,the strategically located
3,1,strategically located nation
3,1,located nation as
3,1,nation as well
3,1,well as confirming
3,1,as confirming that
3,1,confirming that the
3,1,that the administration
3,1,the administration is
3,1,administration is seeking
3,1,is seeking $7.1
3,1,seeking $7.1 billion
3,1,$7.1 billion for
3,1,billion for 20
3,1,for 20 years
3,1,20 years of
3,1,years of investments
3,1,of investments in
3,1,investments in the
3,1,in the region
3,1,the region through
3,1,region through diplomatic
3,1,through diplomatic and
3,1,diplomatic and cultural
3,1,and cultural ties
3,1,cultural ties including
3,1,ties including new
3,1,including new embassies
3,1,new embassies infrastructure
3,1,embassies infrastructure projects
3,1,projects and addressing
3,1,and addressing climate
3,1,addressing climate change
3,1,islands forum responded
3,1,forum responded by
3,1,responded by reaffirming
3,1,by reaffirming our
3,1,reaffirming our shared
3,1,our shared vision
3,1,shared vision for
3,1,vision for a
3,1,for a resilient
3,1,a resilient pacific
3,1,resilient pacific region
3,1,pacific region of
3,1,region of peace
3,1,of peace harmony
3,1,peace harmony security
3,1,harmony security social
3,1,security social inclusion
3,1,social inclusion and
3,1,inclusion and prosperity
3,1,we are committed
3,1,are committed to
3,1,committed to bolstering
3,1,to bolstering pacific
3,1,bolstering pacific regionalism
3,1,pacific regionalism it
3,1,regionalism it said
3,1,it said with
3,1,said with a
3,1,with a strong
3,1,a strong and
3,1,strong and united
3,1,and united pacific
3,1,united pacific islands
3,1,islands forum at
3,1,forum at its
3,1,at its center
3,1,its center a
3,1,center a domestic
3,1,a domestic emphasis
3,1,domestic emphasis on
3,1,emphasis on regional
3,1,on regional cooperation
3,1,regional cooperation appears
3,1,cooperation appears to
3,1,to have paid
3,1,have paid off
3,1,paid off today
3,1,off today at
3,1,today at least
3,1,at least temporarily
3,1,least temporarily as
3,1,temporarily as working
3,1,as working with
3,1,working with the
3,1,with the department
3,1,department of the
3,1,of the interior
3,1,the interior the
3,1,interior the governors
3,1,the governors of
3,1,governors of arizona
3,1,of arizona california
3,1,arizona california and
3,1,california and nevada
3,1,and nevada have
3,1,nevada have agreed
3,1,have agreed on
3,1,agreed on a
3,1,on a plan
3,1,a plan to
3,1,plan to conserve
3,1,to conserve water
3,1,conserve water in
3,1,water in the
3,1,colorado river system
3,1,river system over
3,1,system over the
3,1,the next three
3,1,next three years
3,1,three years in
3,1,years in an
3,1,in an effort
3,1,an effort to
3,1,effort to rebuild
3,1,rebuild the depleted
3,1,the depleted reservoirs
3,1,depleted reservoirs on
3,1,reservoirs on which
3,1,on which 40
3,1,which 40 million
3,1,million people depend
3,1,all seven of
3,1,seven of the
3,1,of the states
3,1,the states in
3,1,colorado river lower
3,1,river lower basin
3,1,lower basin have
3,1,basin have agreed
3,1,have agreed in
3,1,agreed in principle
3,1,in principle to
3,1,principle to the
3,1,to the plan
3,1,the plan which
3,1,plan which will
3,1,which will require
3,1,will require the
3,1,require the three
3,1,the three states
3,1,three states to
3,1,states to cut
3,1,to cut about
3,1,cut about 13%
3,1,about 13% of
3,1,13% of their
3,1,of their water
3,1,their water usage
3,1,water usage in
3,1,usage in exchange
3,1,exchange for about
3,1,for about $1.2
3,1,about $1.2 billion
3,1,$1.2 billion in
3,1,billion in federal
3,1,in federal grant
3,1,federal grant money
3,1,grant money funded
3,1,money funded by
3,1,funded by the
3,1,by the inflation
3,1,the inflation reduction
3,1,inflation reduction act
3,1,had the states
3,1,the states not
3,1,states not come
3,1,not come up
3,1,come up with
3,1,up with their
3,1,with their own
3,1,their own plan
3,1,own plan the
3,1,plan the administration
3,1,the administration threatened
3,1,administration threatened bigger
3,1,threatened bigger unilateral
3,1,bigger unilateral cuts
3,1,unilateral cuts in
3,1,cuts in water
3,1,in water usage
3,1,in a statement
3,1,a statement interior
3,1,statement interior secretary
3,1,interior secretary deb
3,1,secretary deb haaland
3,1,deb haaland said
3,1,haaland said today's
3,1,said today's announcement
3,1,today's announcement is
3,1,announcement is a
3,1,is a testament
3,1,a testament to
3,1,testament to the
3,1,to the biden
3,1,the biden harris
3,1,biden harris administration's
3,1,harris administration's commitment
3,1,administration's commitment to
3,1,commitment to working
3,1,to working with
3,1,working with states
3,1,with states tribes
3,1,states tribes and
3,1,tribes and communities
3,1,and communities throughout
3,1,communities throughout the
3,1,throughout the west
3,1,the west to
3,1,west to find
3,1,to find consensus
3,1,find consensus solutions
3,1,consensus solutions in
3,1,solutions in the
3,1,in the face
3,1,the face of
3,1,face of climate
3,1,of climate change
3,1,climate change and
3,1,change and sustained
3,1,and sustained drought
3,1,sustained drought also
3,1,drought also today
3,1,also today vice
3,1,today vice president
3,1,vice president kamala
3,1,president kamala harris
3,1,kamala harris was
3,1,harris was in
3,1,was in sunnyvale
3,1,in sunnyvale california
3,1,sunnyvale california on
3,1,california on a
3,1,on a visit
3,1,a visit to
3,1,visit to applied
3,1,to applied materials
3,1,applied materials which
3,1,materials which has
3,1,which has just
3,1,has just announced
3,1,just announced it
3,1,announced it will
3,1,it will invest
3,1,will invest up
3,1,invest up to
3,1,up to $4
3,1,to $4 billion
3,1,$4 billion in
3,1,billion in a
3,1,in a new
3,1,a new research
3,1,new research and
3,1,research and development
3,1,and development facility
3,1,development facility for
3,1,facility for designing
3,1,for designing semiconductor
3,1,designing semiconductor manufacturing
3,1,semiconductor manufacturing tools
3,1,manufacturing tools in
3,1,tools in collaboration
3,1,in collaboration with
3,1,collaboration with the
3,1,with the chipmakers
3,1,the chipmakers who
3,1,chipmakers who will
3,1,who will use
3,1,will use the
3,1,use the tools
3,1,the tools in
3,1,tools in their
3,1,in their factories
3,1,since the chips
3,1,the chips and
3,1,chips and science
3,1,and science act
3,1,science act became
3,1,act became law
3,1,became law last
3,1,law last august
3,1,last august the
3,1,august the white
3,1,white house noted
3,1,house noted private
3,1,noted private companies
3,1,private companies have
3,1,companies have announced
3,1,have announced nearly
3,1,announced nearly $140
3,1,nearly $140 billion
3,1,$140 billion in
3,1,billion in investments
3,1,in investments in
3,1,investments in semiconductor
3,1,in semiconductor production
3,1,semiconductor production supply
3,1,production supply chains
3,1,supply chains and
3,1,chains and r&d
3,1,and r&d to
3,1,r&d to be
3,1,to be made
3,1,be made over
3,1,made over the
3,1,the next decade
3,1,next decade notes
3,1,decade notes https://www.whitehouse.gov/briefing-room/statements-releases/2023/05/21/fact-sheet-the-2023-g7-summit-in-hiroshima-japan
3,1,notes https://www.whitehouse.gov/briefing-room/statements-releases/2023/05/21/fact-sheet-the-2023-g7-summit-in-hiroshima-japan https://www.axios.com/2023/05/16/justice-department-criminal-cases-tech-theft-russia-china-iran
3,1,https://www.whitehouse.gov/briefing-room/statements-releases/2023/05/21/fact-sheet-the-2023-g7-summit-in-hiroshima-japan https://www.axios.com/2023/05/16/justice-department-criminal-cases-tech-theft-russia-china-iran https://www.whitehouse.gov/briefing-room/statements-releases/2023/05/22/statement-from-president-joe-biden-on-historic-agreement-to-protect-colorado-river-system
3,1,https://www.axios.com/2023/05/16/justice-department-criminal-cases-tech-theft-russia-china-iran https://www.whitehouse.gov/briefing-room/statements-releases/2023/05/22/statement-from-president-joe-biden-on-historic-agreement-to-protect-colorado-river-system https://www.whitehouse.gov/briefing-room/speeches-remarks/2023/05/20/remarks-by-president-biden-prime-minister-kishida-prime-minister-modi-and-prime-minister-albanese-at-the-third-in-person-quad-leaders-summit
3,1,https://www.whitehouse.gov/briefing-room/statements-releases/2023/05/22/statement-from-president-joe-biden-on-historic-agreement-to-protect-colorado-river-system https://www.whitehouse.gov/briefing-room/speeches-remarks/2023/05/20/remarks-by-president-biden-prime-minister-kishida-prime-minister-modi-and-prime-minister-albanese-at-the-third-in-person-quad-leaders-summit https://www.state.gov/u-s-pacific-islands-forum-leaders-dialogue-in-papua-new-guinea
3,1,https://www.whitehouse.gov/briefing-room/speeches-remarks/2023/05/20/remarks-by-president-biden-prime-minister-kishida-prime-minister-modi-and-prime-minister-albanese-at-the-third-in-person-quad-leaders-summit https://www.state.gov/u-s-pacific-islands-forum-leaders-dialogue-in-papua-new-guinea https://www.whitehouse.gov/briefing-room/statements-releases/2023/05/20/quad-leaders-joint-statement
3,1,https://www.state.gov/u-s-pacific-islands-forum-leaders-dialogue-in-papua-new-guinea https://www.whitehouse.gov/briefing-room/statements-releases/2023/05/20/quad-leaders-joint-statement https://www.whitehouse.gov/briefing-room/statements-releases/2023/05/22/u-s-pacific-islands-forum-leaders-dialogue-in-port-moresby-papua-new-guinea
3,1,https://www.whitehouse.gov/briefing-room/statements-releases/2023/05/20/quad-leaders-joint-statement https://www.whitehouse.gov/briefing-room/statements-releases/2023/05/22/u-s-pacific-islands-forum-leaders-dialogue-in-port-moresby-papua-new-guinea https://www.theguardian.com/world/2023/may/20/zelenskiys-g7-visit-sends-incredibly-powerful-message-to-russia-says-sunak
3,1,https://www.whitehouse.gov/briefing-room/statements-releases/2023/05/22/u-s-pacific-islands-forum-leaders-dialogue-in-port-moresby-papua-new-guinea https://www.theguardian.com/world/2023/may/20/zelenskiys-g7-visit-sends-incredibly-powerful-message-to-russia-says-sunak https://www.gov.ca.gov/2023/05/22/arizona-california-and-nevada-governors-announce-lower-basin-plan-to-protect-colorado-river
3,1,https://www.theguardian.com/world/2023/may/20/zelenskiys-g7-visit-sends-incredibly-powerful-message-to-russia-says-sunak https://www.gov.ca.gov/2023/05/22/arizona-california-and-nevada-governors-announce-lower-basin-plan-to-protect-colorado-river https://www.gov.ca.gov/wp-content/uploads/2023/05/lower-basin-governors-letter.pdf
3,1,https://www.gov.ca.gov/2023/05/22/arizona-california-and-nevada-governors-announce-lower-basin-plan-to-protect-colorado-river https://www.gov.ca.gov/wp-content/uploads/2023/05/lower-basin-governors-letter.pdf https://www.theguardian.com/us-news/2023/may/22/colorado-river-states-california-arizona-nevada
3,1,https://www.gov.ca.gov/wp-content/uploads/2023/05/lower-basin-governors-letter.pdf https://www.theguardian.com/us-news/2023/may/22/colorado-river-states-california-arizona-nevada https://www.whitehouse.gov/briefing-room/statements-releases/2023/05/18/readout-of-president-joe-bidens-call-with-prime-minister-james-marape-of-papua-new-guinea
3,1,https://www.theguardian.com/us-news/2023/may/22/colorado-river-states-california-arizona-nevada https://www.whitehouse.gov/briefing-room/statements-releases/2023/05/18/readout-of-president-joe-bidens-call-with-prime-minister-james-marape-of-papua-new-guinea https://www.whitehouse.gov/briefing-room/statements-releases/2023/05/22/fact-sheet-vice-president-harris-advances-the-biden-harris-administrations-investing-in-america-agenda-and-highlights-multi-billion-dollar-semiconductor-rd-investments
3,1,https://www.whitehouse.gov/briefing-room/statements-releases/2023/05/18/readout-of-president-joe-bidens-call-with-prime-minister-james-marape-of-papua-new-guinea https://www.whitehouse.gov/briefing-room/statements-releases/2023/05/22/fact-sheet-vice-president-harris-advances-the-biden-harris-administrations-investing-in-america-agenda-and-highlights-multi-billion-dollar-semiconductor-rd-investments https://www.theguardian.com/world/2023/may/19/g7-leaders-confront-spectre-of-nuclear-conflict-on-visit-to-hiroshima-memorial
3,1,https://www.whitehouse.gov/briefing-room/statements-releases/2023/05/22/fact-sheet-vice-president-harris-advances-the-biden-harris-administrations-investing-in-america-agenda-and-highlights-multi-billion-dollar-semiconductor-rd-investments https://www.theguardian.com/world/2023/may/19/g7-leaders-confront-spectre-of-nuclear-conflict-on-visit-to-hiroshima-memorial https://abcnews.go.com/us/wirestory/us-sign-new-security-pact-papua-new-guinea-99496252
3,1,https://www.theguardian.com/world/2023/may/19/g7-leaders-confront-spectre-of-nuclear-conflict-on-visit-to-hiroshima-memorial https://abcnews.go.com/us/wirestory/us-sign-new-security-pact-papua-new-guinea-99496252 https://www.reuters.com/world/asia-pacific/australia-welcomes-us-papua-new-guinea-defence-pact-2023-05-22
3,1,https://abcnews.go.com/us/wirestory/us-sign-new-security-pact-papua-new-guinea-99496252 https://www.reuters.com/world/asia-pacific/australia-welcomes-us-papua-new-guinea-defence-pact-2023-05-22 share